"CountryCode","gdpRank","X.2","fullName","gdpValue","X.5","X.6","X.7","X.8","X.9","Long.Name","Income.Group","Region","Lending.category","Other.groups","Currency.Unit","Latest.population.census","Latest.household.survey","Special.Notes","National.accounts.base.year","National.accounts.reference.year","System.of.National.Accounts","SNA.price.valuation","Alternative.conversion.factor","PPP.survey.year","Balance.of.Payments.Manual.in.use","External.debt.Reporting.status","System.of.trade","Government.Accounting.concept","IMF.data.dissemination.standard","Source.of.most.recent.Income.and.expenditure.data","Vital.registration.complete","Latest.agricultural.census","Latest.industrial.data","Latest.trade.data","Latest.water.withdrawal.data","X2.alpha.code","WB.2.code","Table.Name","Short.Name"
"1","TUV",190,NA,"Tuvalu"," 40 ","",NA,NA,NA,NA,"Tuvalu","Lower middle income","East Asia & Pacific","","","Australian dollar","","","","",NA,NA,"","",NA,"","","","","","","","",NA,NA,NA,"TV","TV","Tuvalu","Tuvalu"
"2","KIR",189,NA,"Kiribati"," 175 ","",NA,NA,NA,NA,"Republic of Kiribati","Lower middle income","East Asia & Pacific","IDA","","Australian dollar","2005","","The government statistical office has revised national accounts data for 1970-2008.","1991",NA,NA,"VAB","",NA,"","","General","","GDDS","","","",NA,2005,NA,"KI","KI","Kiribati","Kiribati"
"3","MHL",188,NA,"Marshall Islands"," 182 ","",NA,NA,NA,NA,"Republic of the Marshall Islands","Lower middle income","East Asia & Pacific","IBRD","","U.S. dollar","1999","","","1991",NA,NA,"VAB","",NA,"","","","","","","","",NA,NA,NA,"MH","MH","Marshall Islands","Marshall Islands"
"4","PLW",187,NA,"Palau"," 228 ","",NA,NA,NA,NA,"Republic of Palau","Upper middle income","East Asia & Pacific","IBRD","","U.S. dollar","2005","","","1995",NA,NA,"VAB","",NA,"","","","","","","Yes","",NA,NA,NA,"PW","PW","Palau","Palau"
"5","STP",186,NA,"São Tomé and Principe"," 263 ","",NA,NA,NA,NA,"Democratic Republic of São Tomé and Principe","Lower middle income","Sub-Saharan Africa","IDA","HIPC","São Tomé and Principe dobra","2001","","","2001",NA,NA,"VAP","",2005,"","Preliminary","Special","","GDDS","PS 2000-01","","",NA,2008,NA,"ST","ST","São Tomé and Principe","São Tomé and Principe"
"6","FSM",185,NA,"Micronesia, Fed. Sts."," 326 ","",NA,NA,NA,NA,"Federated States of Micronesia","Lower middle income","East Asia & Pacific","IBRD","","U.S. dollar","2000","","The government statistical office has revised national accounts data for 1995-2008.","1998",NA,NA,"VAB","",NA,"","","","","","","","",NA,NA,NA,"FM","FM","Micronesia, Fed. Sts.","Micronesia"
"7","TON",184,NA,"Tonga"," 472 ","",NA,NA,NA,NA,"Kingdom of Tonga","Lower middle income","East Asia & Pacific","IDA","","Tongan pa'anga","2006","","","2000/2001",NA,NA,"VAB","",NA,"BPM5","Actual","","","GDDS","","Yes","2001",NA,2007,NA,"TO","TO","Tonga","Tonga"
"8","DMA",183,NA,"Dominica"," 480 ","",NA,NA,NA,NA,"Commonwealth of Dominica","Upper middle income","Latin America & Caribbean","Blend","","East Caribbean dollar","2001","","","1990",NA,1993,"VAB","",NA,"BPM5","Actual","General","","GDDS","","Yes","",NA,2008,NA,"DM","DM","Dominica","Dominica"
"9","COM",182,NA,"Comoros"," 596 ","",NA,NA,NA,NA,"Union of the Comoros","Low income","Sub-Saharan Africa","IDA","HIPC","Comorian franc","2003","MICS, 2000","","1990",NA,NA,"VAP","",2005,"","Preliminary","","","","IHS, 2004","","",NA,2007,NA,"KM","KM","Comoros","Comoros"
"10","WSM",181,NA,"Samoa"," 684 ","",NA,NA,NA,NA,"Samoa","Lower middle income","East Asia & Pacific","IDA","","Samoan tala","2006","","","2002",NA,NA,"VAB","",NA,"BPM5","Preliminary","General","","","","","1999",NA,2008,NA,"WS","WS","Samoa","Samoa"
"11","VCT",180,NA,"St. Vincent and the Grenadines"," 713 ","",NA,NA,NA,NA,"St. Vincent and the Grenadines","Upper middle income","Latin America & Caribbean","Blend","","East Caribbean dollar","2001","","","1990",NA,NA,"VAB","",NA,"BPM5","Preliminary","General","Consolidated","GDDS","","Yes","",NA,2008,NA,"VC","VC","St. Vincent and the Grenadines","St. Vincent and the Grenadines"
"12","GRD",178,NA,"Grenada"," 767 ","",NA,NA,NA,NA,"Grenada","Upper middle income","Latin America & Caribbean","Blend","","East Caribbean dollar","2001","","","1990",NA,NA,"VAB","",NA,"BPM5","Actual","General","Budgetary","GDDS","","","",NA,2008,NA,"GD","GD","Grenada","Grenada"
"13","KNA",178,NA,"St. Kitts and Nevis"," 767 ","",NA,NA,NA,NA,"St. Kitts and Nevis","Upper middle income","Latin America & Caribbean","IBRD","","East Caribbean dollar","2001","","","1990",NA,1993,"VAB","",NA,"BPM5","Preliminary","General","Consolidated","GDDS","","","",NA,2007,NA,"KN","KN","St. Kitts and Nevis","St. Kitts and Nevis"
"14","VUT",177,NA,"Vanuatu"," 787 ","",NA,NA,NA,NA,"Republic of Vanuatu","Lower middle income","East Asia & Pacific","IDA","","Vanuatu vatu","2009","","","1983",NA,NA,"VAP","",NA,"BPM5","Estimate","","Consolidated","GDDS","","","",NA,2007,NA,"VU","VU","Vanuatu","Vanuatu"
"15","GNB",176,NA,"Guinea-Bissau"," 822 ","",NA,NA,NA,NA,"Republic of Guinea-Bissau","Low income","Sub-Saharan Africa","IDA","HIPC","CFA franc","2009","MICS, 2006","","1986",NA,NA,"VAB","",2005,"BPM5","Actual","General","","GDDS","CWIQ, 2002","","1988",NA,2005,2000,"GW","GW","Guinea-Bissau","Guinea-Bissau"
"16","GMB",175,NA,"Gambia, The"," 917 ","",NA,NA,NA,NA,"Republic of The Gambia","Low income","Sub-Saharan Africa","IDA","HIPC","Gambian dalasi","2003","MICS, 2005/06","Fiscal year end: June 30; reporting period for national accounts data: CY.","1987",NA,NA,"VAB","",2005,"BPM5","Estimate","General","Consolidated","GDDS","IHS, 2003","","2001-2002",NA,2008,2000,"GM","GM","Gambia, The","The Gambia"
"17","SLB",174,NA,"Solomon Islands"," 1,008 ","",NA,NA,NA,NA,"Solomon Islands","Low income","East Asia & Pacific","IDA","","Solomon Islands dollar","1999","","","2004",NA,NA,"VAB","",NA,"BPM5","Actual","","","","","","",NA,2007,NA,"SB","SB","Solomon Islands","Solomon Islands"
"18","SYC",173,NA,"Seychelles"," 1,129 ","",NA,NA,NA,NA,"Republic of Seychelles","Upper middle income","Sub-Saharan Africa","IBRD","","Seychelles rupee","2002","","","1986",NA,NA,"VAP","",NA,"BPM5","Actual","General","Consolidated","SDDS","","Yes","1998",NA,2008,2003,"SC","SC","Seychelles","Seychelles"
"19","ATG",172,NA,"Antigua and Barbuda"," 1,134 ","",NA,NA,NA,NA,"Antigua and Barbuda","Upper middle income","Latin America & Caribbean","IBRD","","East Caribbean dollar","2001","","The government has revised national accounts data for 1998-2008.","1990",NA,NA,"VAB","",NA,"BPM5","","General","","GDDS","","Yes","",NA,2007,1990,"AG","AG","Antigua and Barbuda","Antigua and Barbuda"
"20","LCA",171,NA,"St. Lucia"," 1,239 ","",NA,NA,NA,NA,"St. Lucia","Upper middle income","Latin America & Caribbean","Blend","","East Caribbean dollar","2001","","The government has revised national accounts data for 1998-2008.","1990",NA,NA,"VAB","",NA,"BPM5","Actual","General","","GDDS","IHS, 1995","Yes","",NA,2008,NA,"LC","LC","St. Lucia","St. Lucia"
"21","TMP",170,NA,"Timor-Leste"," 1,293 ","",NA,NA,NA,NA,"Democratic Republic of Timor-Leste","Lower middle income","East Asia & Pacific","IDA","","U.S. dollar","2004","DGHS, 2003","","2000",NA,NA,"VAP","",NA,"","","","","","LSMS, 2007","","",NA,2005,NA,"TL","TP","Timor-Leste","Timor-Leste"
"22","BLZ",169,NA,"Belize"," 1,493 ","",NA,NA,NA,NA,"Belize","Lower middle income","Latin America & Caribbean","IBRD","","Belize dollar","2000","MICS, 2006","The government has revised national accounts data for 1991-2008.","2000",NA,1993,"VAB","",NA,"BPM5","Actual","General","Budgetary","GDDS","ES/BS 1995","","",NA,2008,2000,"BZ","BZ","Belize","Belize"
"23","LBR",168,NA,"Liberia"," 1,734 ","",NA,NA,NA,NA,"Republic of Liberia","Low income","Sub-Saharan Africa","IDA","HIPC","Liberian dollar","2008","DHS, 2007, MIS, 2008/09","","1992",NA,NA,"VAP","",2005,"BPM5","Estimate","","","GDDS","CWIQ 2007","","",NA,1985,2000,"LR","LR","Liberia","Liberia"
"24","BTN",167,NA,"Bhutan"," 1,780 ","",NA,NA,NA,NA,"Kingdom of Bhutan","Lower middle income","South Asia","IDA","","Bhutanese ngultrum","2005","","","2000",NA,1993,"VAB","",2005,"","Actual","","Consolidated","","IHS, 2003","","2000",NA,2008,2000,"BT","BT","Bhutan","Bhutan"
"25","CPV",166,NA,"Cape Verde"," 1,827 ","",NA,NA,NA,NA,"Republic of Cape Verde","Lower middle income","Sub-Saharan Africa","Blend","","Cape Verde escudo","2000","","","1980",NA,NA,"VAP","",2005,"BPM5","Actual","Special","","GDDS","ES/BS, 2001","Yes","2004",NA,2008,NA,"CV","CV","Cape Verde","Cape Verde"
"26","CAF",165,NA,"Central African Republic"," 2,184 ","",NA,NA,NA,NA,"Central African Republic","Low income","Sub-Saharan Africa","IDA","HIPC","CFA franc","2003","MICS, 2006","","2000",NA,NA,"VAB","",2005,"BPM4","Preliminary","Special","Budgetary","GDDS","PS, 2003","","1985",NA,2005,2000,"CF","CF","Central African Republic","Central African Republic"
"27","MDV",164,NA,"Maldives"," 2,222 ","",NA,NA,NA,NA,"Republic of Maldives","Lower middle income","South Asia","IDA","","Maldivian rufiyaa","2006","MICS, 2001","National accounts data for 2001-08 have been revised to reflect a change in source from the Asian Development Bank to the Maldives Planning Department.","1995",NA,NA,"VAB","",2005,"BPM5","Actual","General","Consolidated","","","Yes","",NA,2008,NA,"MV","MV","Maldives","Maldives"
"28","LSO",163,NA,"Lesotho"," 2,448 ","",NA,NA,NA,NA,"Kingdom of Lesotho","Lower middle income","Sub-Saharan Africa","IDA","","Lesotho loti","2006","DHS, 2004","Fiscal year end: March 31; reporting period for national accounts data: CY.","1995",NA,1993,"VAB","",2005,"BPM5","Actual","General","Consolidated","GDDS","ES/BS, 2002-03","","1999-2000",NA,2004,2000,"LS","LS","Lesotho","Lesotho"
"29","BDI",162,NA,"Burundi"," 2,472 ","",NA,NA,NA,NA,"Republic of Burundi","Low income","Sub-Saharan Africa","IDA","HIPC","Burundi franc","1990","MICS, 2005","","1980",NA,NA,"VAB","",2005,"BPM5","Actual","Special","Consolidated","","CWIQ, 2006","","",NA,2008,2000,"BI","BI","Burundi","Burundi"
"30","ABW",161,NA,"Aruba"," 2,584 ","",NA,NA,NA,NA,"Aruba","High income: nonOECD","Latin America & Caribbean","","","Aruban florin","2000","","","1995",NA,NA,"","",NA,"","","Special","","","","","",NA,2008,NA,"AW","AW","Aruba","Aruba"
"31","GUY",160,NA,"Guyana"," 2,851 ","",NA,NA,NA,NA,"Republic of Guyana","Lower middle income","Latin America & Caribbean","IDA","HIPC","Guyana dollar","2002","MICS, 2006","","1988",NA,NA,"VAB","",NA,"BPM5","Actual","Special","","","IHS, 1998","","",NA,2008,2000,"GY","GY","Guyana","Guyana"
"32","ERI",159,NA,"Eritrea"," 3,092 ","",NA,NA,NA,NA,"State of Eritrea","Low income","Sub-Saharan Africa","IDA","HIPC","Eritrean nakfa","1984","DHS, 2002","","1992",NA,NA,"VAB","",NA,"BPM4","Actual","General","","","","","",2005,2003,2004,"ER","ER","Eritrea","Eritrea"
"33","SWZ",158,NA,"Swaziland"," 3,744 ","",NA,NA,NA,NA,"Kingdom of Swaziland","Lower middle income","Sub-Saharan Africa","IBRD","","Swaziland lilangeni","2007","DHS, 2006/07","Fiscal year end: March 31; reporting period for national accounts data: CY.","2000",NA,NA,"VAB","",2005,"","Preliminary","General","Consolidated","GDDS","ES/BS, 2000/01","","2003",NA,2007,2000,"SZ","SZ","Swaziland","Swaziland"
"34","SLE",157,NA,"Sierra Leone"," 3,796 ","",NA,NA,NA,NA,"Republic of Sierra Leone","Low income","Sub-Saharan Africa","IDA","HIPC","Sierra Leonean leone","2004","DHS 2008","Fiscal year end: June 30; reporting period for national accounts data: CY.","1990",NA,1993,"VAB","",2005,"BPM5","Preliminary","Special","Budgetary","GDDS","IHS, 2003","","1984-1985",NA,2002,2000,"SL","SL","Sierra Leone","Sierra Leone"
"35","TGO",156,NA,"Togo"," 3,814 ","",NA,NA,NA,NA,"Republic of Togo","Low income","Sub-Saharan Africa","IDA","HIPC","CFA franc","1981","MICS, 2006","","1978",NA,NA,"VAP","",2005,"BPM5","Actual","Special","Budgetary","GDDS","CWIQ, 2006","","1996",NA,2007,2002,"TG","TG","Togo","Togo"
"36","FJI",155,NA,"Fiji"," 3,908 ","",NA,NA,NA,NA,"Republic of Fiji","Upper middle income","East Asia & Pacific","IBRD","","Fijian dollar","2007","","","1995",NA,NA,"VAB","",2005,"BPM4","Actual","General","Budgetary","GDDS","","Yes","",2003,2007,2000,"FJ","FJ","Fiji","Fiji"
"37","MRT",154,NA,"Mauritania"," 4,199 ","",NA,NA,NA,NA,"Islamic Republic of Mauritania","Low income","Sub-Saharan Africa","IDA","HIPC","Mauritanian ouguiya","2000","MICS, 2007","","1998",NA,NA,"VAB","",2005,"BPM4","Actual","General","","GDDS","IHS, 2000","","1984-1985",NA,2008,2000,"MR","MR","Mauritania","Mauritania"
"38","BRB",153,NA,"Barbados"," 4,225 ","",NA,NA,NA,NA,"Barbados","High income: nonOECD","Latin America & Caribbean","","","Barbados dollar","2000","","","1974",NA,NA,"VAB","",NA,"BPM5","","General","Consolidated","GDDS","","Yes","",NA,2008,2000,"BB","BB","Barbados","Barbados"
"39","MWI",152,NA,"Malawi"," 4,264 ","",NA,NA,NA,NA,"Republic of Malawi","Low income","Sub-Saharan Africa","IDA","HIPC","Malawi kwacha","2008","MICS 2006","Fiscal year end: March 31; reporting period for national accounts data: CY.","1994",NA,NA,"VAB","",2005,"BPM5","Actual","General","","GDDS","LSMS, 2004-05","","1993",2000,2008,2000,"MW","MW","Malawi","Malawi"
"40","MNE",151,NA,"Montenegro"," 4,373 ","",NA,NA,NA,NA,"Montenegro","Upper middle income","Europe & Central Asia","IBRD","","Euro","2003","MICS, 2005/06","Montenegro declared independence from Serbia and Montenegro on June 3, 2006. Where available, data for each country are shown separately. However, for Serbia, some indicators continue to include data for Montenegro through 2005.","2000",NA,1993,"VAB","",2005,"","Actual","","","","ES/BS 2007","Yes","",NA,NA,NA,"ME","ME","Montenegro","Montenegro"
"41","SUR",150,NA,"Suriname"," 5,012 ","",NA,NA,NA,NA,"Republic of Suriname","Upper middle income","Latin America & Caribbean","IBRD","","Suriname dollar","2004","MICS, 2000","","1990",NA,1993,"VAB","",NA,"BPM5","","General","","GDDS","ES/BS, 1999","Yes","",NA,2008,2000,"SR","SR","Suriname","Suriname"
"42","BMU",149,NA,"Bermuda"," 5,474 ","",NA,NA,NA,NA,"The Bermudas","High income: nonOECD","North America","","","Bermuda dollar","2000","","The Statistical Office has revised national accounts data for 1996-2007.","1996",NA,NA,"VAB","",NA,"","","","","","","Yes","",NA,2008,NA,"BM","BM","Bermuda","Bermuda"
"43","GIN",148,NA,"Guinea"," 5,632 ","",NA,NA,NA,NA,"Republic of Guinea","Low income","Sub-Saharan Africa","IDA","HIPC","Guinean franc","1996","DHS, 2005","","1996",NA,NA,"VAB","",2005,"BPM5","Estimate","Special","Consolidated","GDDS","CWIQ/, 2003","","2000-2001",NA,2008,2000,"GN","GN","Guinea","Guinea"
"44","MCO",147,NA,"Monaco"," 6,075 ","",NA,NA,NA,NA,"Principality of Monaco","High income: nonOECD","Europe & Central Asia","","","Euro","2008","","","",NA,NA,"","",NA,"","","","","","","","",NA,NA,NA,"MC","MC","Monaco","Monaco"
"45","KSV",146,NA,"Kosovo"," 6,445 ","",NA,NA,NA,NA,"Republic of Kosovo","Lower middle income","Europe & Central Asia","IDA","","Euro","1981","","Kosovo became a World Bank member on June 29, 2009. Since 1999, Kosovo has been a territory under international administration pursuant to UN Security Council Resolution 1244 (1999).","",NA,NA,"","",NA,"","","","","","","","",NA,NA,NA,"","KV","Kosovo","Kosovo"
"46","KGZ",145,NA,"Kyrgyz Republic"," 6,475 ","",NA,NA,NA,NA,"Kyrgyz Republic","Low income","Europe & Central Asia","IDA","HIPC","Kyrgyz som","2009","MICS 2005/06","","",1995,1993,"VAB","1990-95",2005,"BPM5","Actual","General","Consolidated","SDDS","ES/BS, 2007","Yes","2002",2004,2007,2000,"KG","KG","Kyrgyz Republic","Kyrgyz Republic"
"47","NER",144,NA,"Niger"," 6,773 ","",NA,NA,NA,NA,"Republic of Niger","Low income","Sub-Saharan Africa","IDA","HIPC","CFA franc","2001","DHS/MICS, 2006","","1987",NA,NA,"VAP","1993",2005,"BPM5","Preliminary","Special","","GDDS","QWIC/PS 2005","","1980",NA,2008,2000,"NE","NE","Niger","Niger"
"48","TJK",143,NA,"Tajikistan"," 6,972 ","",NA,NA,NA,NA,"Republic of Tajikistan","Low income","Europe & Central Asia","IDA","","Tajik somoni","2000","MICS, 2005","","",2000,1993,"VAB","1990-95",2005,"BPM5","Preliminary","General","Consolidated","GDDS","LSMS, 2004","","1994",NA,2000,2000,"TJ","TJ","Tajikistan","Tajikistan"
"49","RWA",142,NA,"Rwanda"," 7,103 ","",NA,NA,NA,NA,"Republic of Rwanda","Low income","Sub-Saharan Africa","IDA","HIPC","Rwandan franc","2002","DHS, 2007/08","","1995",NA,NA,"VAP","1994",2005,"BPM5","Estimate","General","Consolidated","GDDS","IHS, 2000","","1984",1998,2008,2000,"RW","RW","Rwanda","Rwanda"
"50","MDA",141,NA,"Moldova"," 7,253 ","f",NA,NA,NA,NA,"Republic of Moldova","Lower middle income","Europe & Central Asia","IDA","","Moldovan leu","2004","DHS, 2005","","",1996,1993,"VAB","1990-95",2005,"BPM5","Actual","General","Consolidated","SDDS","ES/BS, 2007","Yes","",2004,2008,2000,"MD","MD","Moldova","Moldova"
"51","BEN",140,NA,"Benin"," 7,557 ","",NA,NA,NA,NA,"Republic of Benin","Low income","Sub-Saharan Africa","IDA","HIPC","CFA franc","2002","DHS, 2006","","1985",NA,NA,"VAP","1992",2005,"BPM5","Preliminary","Special","Budgetary","GDDS","CWIQ, 2003","","1992",NA,2005,2001,"BJ","BJ","Benin","Benin"
"52","HTI",139,NA,"Haiti"," 7,843 ","",NA,NA,NA,NA,"Republic of Haiti","Low income","Latin America & Caribbean","IDA","HIPC","Haitian gourde","2003","DHS, 2005/06","Fiscal year end: September 30; reporting period for national accounts data: FY. The government has revised national accounts data following changes in the methodology. Current price series since 1991 and constant price series since 1996 have been revised. The new base year is 1986/87.","1986/1987",NA,NA,"VAB","1991",NA,"BPM5","Preliminary","General","","","IHS, 2001","","1971",NA,1997,2000,"HT","HT","Haiti","Haiti"
"53","BHS",138,NA,"Bahamas, The"," 8,149 ","",NA,NA,NA,NA,"Commonwealth of The Bahamas","High income: nonOECD","Latin America & Caribbean","","","Bahamian dollar","2000","","The government has revised national accounts data for 1997-2007. The new base year is 2006.","2006",NA,1993,"VAB","",NA,"BPM5","","General","Budgetary","GDDS","","","",1997,2008,NA,"BS","BS","Bahamas, The","The Bahamas"
"54","MLT",137,NA,"Malta"," 8,722 ","",NA,NA,NA,NA,"Republic of Malta","High income: nonOECD","Middle East & North Africa","","Euro area","Euro (data reported in Maltese liri)","2005","","","1973",NA,NA,"VAB","",2005,"BPM5","","General","Consolidated","SDDS","","Yes","2001",2004,2008,2000,"MT","MT","Malta","Malta"
"55","LAO",136,NA,"Lao PDR"," 9,418 ","",NA,NA,NA,NA,"Lao People's Democratic Republic","Low income","East Asia & Pacific","IDA","","Lao kip","2005","MICS, 2006","","1990",NA,NA,"VAB","",2005,"BPM5","Preliminary","General","","","ES/BS, 2002-03","","1998-1999",1998,1975,2000,"LA","LA","Lao PDR","Lao PDR"
"56","MKD",135,NA,"Macedonia, FYR"," 9,613 ","",NA,NA,NA,NA,"Former Yugoslav Republic of Macedonia","Upper middle income","Europe & Central Asia","IBRD","","Macedonian denar","2002","MICS, 2005","","1997",1995,1993,"VAB","",2005,"BPM5","Actual","General","","GDDS","ES/BS, 2006","Yes","1994",2000,2008,NA,"MK","MK","Macedonia, FYR","Macedonia"
"57","ZWE",134,NA,"Zimbabwe"," 9,802 ","",NA,NA,NA,NA,"Republic of Zimbabwe","Low income","Sub-Saharan Africa","Blend","","Zimbabwe dollar","2002","DHS, 2005/06","Fiscal year end: June 30; reporting period for national accounts data: CY.","1990",NA,NA,"VAB","1991, 1998",2005,"BPM5","Actual","General","Consolidated","GDDS","","","1960",1995,2008,2002,"ZW","ZW","Zimbabwe","Zimbabwe"
"58","ARM",133,NA,"Armenia"," 9,951 ","",NA,NA,NA,NA,"Republic of Armenia","Lower middle income","Europe & Central Asia","Blend","","Armenian dram","2001","DHS, 2005","","",1996,1993,"VAB","1990-95",2005,"BPM5","Actual","Special","Consolidated","SDDS","IHS, 2007","Yes","",NA,2008,2000,"AM","AM","Armenia","Armenia"
"59","MDG",132,NA,"Madagascar"," 9,975 ","",NA,NA,NA,NA,"Republic of Madagascar","Low income","Sub-Saharan Africa","IDA","HIPC","Malagasy ariary","1993","DHS, 2003/04","","1984",NA,NA,"VAB","",2005,"BPM5","Actual","Special","Consolidated","GDDS","PS 2005","","2004",2005,2008,2000,"MG","MG","Madagascar","Madagascar"
"60","SSD",131,NA,"South Sudan"," 10,220 ","",NA,NA,NA,NA,NA,NA,NA,NA,NA,NA,NA,NA,NA,NA,NA,NA,NA,NA,NA,NA,NA,NA,NA,NA,NA,NA,NA,NA,NA,NA,NA,NA,NA,NA
"61","MNG",130,NA,"Mongolia"," 10,271 ","",NA,NA,NA,NA,"Mongolia","Lower middle income","East Asia & Pacific","IDA","","Mongolian tugrik","2000","MICS, 2005","","2005",NA,1993,"VAB","",2005,"BPM5","Estimate","Special","Consolidated","GDDS","LSMS, 2006-08","Yes","",1999,2007,2000,"MN","MN","Mongolia","Mongolia"
"62","MLI",129,NA,"Mali"," 10,308 ","",NA,NA,NA,NA,"Republic of Mali","Low income","Sub-Saharan Africa","IDA","HIPC","CFA franc","1998","DHS, 2006","","1987",NA,NA,"VAB","",2005,"BPM4","Actual","General","Budgetary","GDDS","IHS, 2006","","1984",NA,2008,2000,"ML","ML","Mali","Mali"
"63","BFA",128,NA,"Burkina Faso"," 10,441 ","",NA,NA,NA,NA,"Burkina Faso","Low income","Sub-Saharan Africa","IDA","HIPC","CFA franc","2006","MICS, 2006","","1999",NA,NA,"VAB","1992-93",2005,"BPM4","Actual","General","Budgetary","GDDS","CWIQ, 2003","","1993",NA,2005,2000,"BF","BF","Burkina Faso","Burkina Faso"
"64","MUS",127,NA,"Mauritius"," 10,486 ","",NA,NA,NA,NA,"Republic of Mauritius","Upper middle income","Sub-Saharan Africa","IBRD","","Mauritian rupee","2000","","National accounts now reflect fiscal year data rather than calendar year data. The new base year is 2006.","2006",NA,NA,"VAB","",2005,"BPM5","Actual","General","Consolidated","GDDS","","Yes","",2003,2008,2003,"MU","MU","Mauritius","Mauritius"
"65","NIC",126,NA,"Nicaragua"," 10,507 ","",NA,NA,NA,NA,"Republic of Nicaragua","Lower middle income","Latin America & Caribbean","IDA","HIPC","Nicaraguan gold cordoba","2005","RHS, 2006/07","","1994",NA,1993,"VAB","1965-95",NA,"BPM5","Actual","Special","Budgetary","GDDS","LSMS, 2005","","2001",NA,2007,2000,"NI","NI","Nicaragua","Nicaragua"
"66","ALB",125,NA,"Albania"," 12,648 ","",NA,NA,NA,NA,"Republic of Albania","Upper middle income","Europe & Central Asia","IBRD","","Albanian lek","2001","MICS, 2005","","",1996,1993,"VAB","",2005,"BPM5","Actual","General","Consolidated","GDDS","LSMS, 2005","Yes","1998",2005,2008,2000,"AL","AL","Albania","Albania"
"67","TCD",124,NA,"Chad"," 12,887 ","",NA,NA,NA,NA,"Republic of Chad","Low income","Sub-Saharan Africa","IDA","HIPC","CFA franc","1993","DHS, 2004","","1995",NA,1993,"VAB","",2005,"BPM5","Actual","Special","","GDDS","PS, 2002-03","","",NA,1996,2000,"TD","TD","Chad","Chad"
"68","NAM",123,NA,"Namibia"," 13,072 ","",NA,NA,NA,NA,"Republic of Namibia","Upper middle income","Sub-Saharan Africa","IBRD","","Namibian dollar","2001","DHS, 2006/07","Fiscal year end: March 31; reporting period for national accounts data: CY. The government has revised national accounts data since 2000. The new base year is 2004/05.","2004/2005",NA,1993,"VAB","",2005,"BPM5","","General","Budgetary","GDDS","ES/BS, 1993/94","","1996-1997",NA,2008,2000,NA,NA,"Namibia","Namibia"
"69","ISL",122,NA,"Iceland"," 13,579 ","",NA,NA,NA,NA,"Republic of Iceland","High income: OECD","Europe & Central Asia","","","Iceland krona","Register based","","","2000",NA,NA,"VAB","",2005,"BPM5","","General","Consolidated","SDDS","","Yes","",2004,2008,2000,"IS","IS","Iceland","Iceland"
"70","COG",121,NA,"Congo, Rep."," 13,678 ","",NA,NA,NA,NA,"Republic of Congo","Lower middle income","Sub-Saharan Africa","IDA","HIPC","CFA franc","1996","DHS, 2005","","1978",NA,NA,"VAP","1993",2005,"BPM5","Preliminary","Special","Consolidated","GDDS","CWIQ/ PS, 2005","","1985-1986",NA,1995,2002,"CG","CG","Congo, Rep.","Congo"
"71","KHM",120,NA,"Cambodia"," 14,038 ","",NA,NA,NA,NA,"Kingdom of Cambodia","Low income","East Asia & Pacific","IDA","","Cambodian riel","2008","DHS, 2005","","2000",NA,NA,"VAB","",2005,"BPM5","Actual","General","Consolidated","GDDS","IHS, 2007","","",1999,2004,2000,"KH","KH","Cambodia","Cambodia"
"72","SEN",119,NA,"Senegal"," 14,046 ","",NA,NA,NA,NA,"Republic of Senegal","Lower middle income","Sub-Saharan Africa","IDA","HIPC","CFA franc","2002","DHS, 2005, MIS, 2008-09","","1999",1987,1993,"VAB","",2005,"BPM5","Actual","Special","Budgetary","GDDS","PS 2005","","1998-1999",2001,2008,2002,"SN","SN","Senegal","Senegal"
"73","MOZ",118,NA,"Mozambique"," 14,244 ","",NA,NA,NA,NA,"Republic of Mozambique","Low income","Sub-Saharan Africa","IDA","HIPC","New Mozambican metical","2007","DHS, 2003","","2003",NA,NA,"VAB","1992-95",2005,"BPM5","Actual","Special","","GDDS","ES/BS, 2002/03","","1999-2000",NA,2008,2000,"MZ","MZ","Mozambique","Mozambique"
"74","BWA",117,NA,"Botswana"," 14,504 ","",NA,NA,NA,NA,"Republic of Botswana","Upper middle income","Sub-Saharan Africa","IBRD","","Botswana pula","2001","MICS, 2000","Fiscal year end: June 30; reporting period for national accounts data: FY.","1993/1994",NA,1993,"VAB","",2005,"BPM5","Preliminary","General","Budgetary","GDDS","ES/BS, 1993/94","","1993",2005,2008,2000,"BW","BW","Botswana","Botswana"
"75","JAM",116,NA,"Jamaica"," 14,755 ","",NA,NA,NA,NA,"Jamaica","Upper middle income","Latin America & Caribbean","IBRD","","Jamaican dollar","2001","MICS 2005","","2003",NA,NA,"VAB","",NA,"BPM5","Actual","General","Consolidated","GDDS","LSMS, 2004","","1996",NA,2008,2000,"JM","JM","Jamaica","Jamaica"
"76","PNG",115,NA,"Papua New Guinea"," 15,654 ","",NA,NA,NA,NA,"The Independent State of Papua New Guinea","Lower middle income","East Asia & Pacific","Blend","","Papua New Guinea kina","2000","DHS, 1996","","1998",NA,NA,"VAB","1989",NA,"BPM5","Actual","General","Budgetary","","IHS, 1996","","",NA,2004,2000,"PG","PG","Papua New Guinea","Papua New Guinea"
"77","GEO",114,NA,"Georgia"," 15,747 ","e",NA,NA,NA,NA,"Georgia","Lower middle income","Europe & Central Asia","Blend","","Georgian lari","2002","MICS, 2005, RHS, 2005","","",1996,1993,"VAB","1990-95",2005,"BPM5","Actual","General","Consolidated","GDDS","IHS, 2007","Yes","2004",2005,2008,2005,"GE","GE","Georgia","Georgia"
"78","BRN",113,NA,"Brunei Darussalam"," 16,954 ","",NA,NA,NA,NA,"Brunei Darussalam","High income: nonOECD","East Asia & Pacific","","","Brunei dollar","2001","","","2000",NA,NA,"VAP","",2005,"","","General","","GDDS","","Yes","",NA,2006,NA,"BN","BN","Brunei Darussalam","Brunei"
"79","ZAR",112,NA,"Congo, Dem. Rep."," 17,204 ","",NA,NA,NA,NA,"Democratic Republic of the Congo","Low income","Sub-Saharan Africa","IDA","HIPC","Congolese franc","1984","DHS 2007","","1987",NA,1993,"VAB","1999-01",2005,"BPM5","Estimate","Special","Consolidated","GDDS","1-2-3, 2005-06","","1990",NA,1986,2000,"CD","ZR","Congo, Dem. Rep.","Dem. Rep. Congo"
"80","BIH",111,NA,"Bosnia and Herzegovina"," 17,466 ","",NA,NA,NA,NA,"Bosnia and Herzegovina","Upper middle income","Europe & Central Asia","Blend","","Bosnia and Herzegovina convertible mark","1991","MICS, 2006","","",1996,1993,"VAB","",2005,"BPM5","Actual","General","Consolidated","","LSMS, 2007","Yes","",NA,2008,NA,"BA","BA","Bosnia and Herzegovina","Bosnia and Herzegovina"
"81","GNQ",110,NA,"Equatorial Guinea"," 17,697 ","",NA,NA,NA,NA,"Republic of Equatorial Guinea","High income: nonOECD","Sub-Saharan Africa","IBRD","","CFA franc","2002","","","2000",NA,NA,"VAB","1965-84",2005,"","","","","","","","",NA,NA,2000,"GQ","GQ","Equatorial Guinea","Equatorial Guinea"
"82","GAB",109,NA,"Gabon"," 18,377 ","",NA,NA,NA,NA,"Gabonese Republic","Upper middle income","Sub-Saharan Africa","IBRD","","CFA franc","2003","DHS, 2000","","1991",NA,NA,"VAP","1993",2005,"BPM5","Preliminary","Special","","GDDS","CWIQ/ IHS, 2005","","1974-75",NA,2006,2000,"GA","GA","Gabon","Gabon"
"83","HND",108,NA,"Honduras"," 18,434 ","",NA,NA,NA,NA,"Republic of Honduras","Lower middle income","Latin America & Caribbean","IDA","HIPC","Honduran lempira","2001","DHS, 2005/06","","2000",NA,1993,"VAB","1988-89",NA,"BPM5","Actual","Special","Budgetary","GDDS","IHS, 2006","","1993",NA,2007,2000,"HN","HN","Honduras","Honduras"
"84","NPL",107,NA,"Nepal"," 18,963 ","",NA,NA,NA,NA,"Nepal","Low income","South Asia","IDA","","Nepalese rupee","2001","DHS, 2006","Fiscal year end: July 14; reporting period for national accounts data: FY.","2000/2001",NA,NA,"VAB","",2005,"BPM5","Actual","Special","Consolidated","GDDS","LSMS, 2003/04","","2002",2001,2002,2000,"NP","NP","Nepal","Nepal"
"85","UGA",106,NA,"Uganda"," 19,881 ","",NA,NA,NA,NA,"Republic of Uganda","Low income","Sub-Saharan Africa","IDA","HIPC","Ugandan shilling","2002","DHS, 2006, SPA, 2007","Fiscal year end: June 30; reporting period for national accounts data: FY.","2001/2002",NA,NA,"VAB","",2005,"BPM5","Actual","General","Budgetary","GDDS","PS, 2005","","1991",2001,2008,NA,"UG","UG","Uganda","Uganda"
"86","AFG",105,NA,"Afghanistan"," 20,497 ","",NA,NA,NA,NA,"Islamic State of Afghanistan","Low income","South Asia","IDA","HIPC","Afghan afghani","1979","MICS, 2003","Fiscal year end: March 20; reporting period for national accounts data: FY.","2002/2003",NA,NA,"VAB","",NA,"","Actual","General","Consolidated","GDDS","","","",NA,2008,2000,"AF","AF","Afghanistan","Afghanistan"
"87","ZMB",104,NA,"Zambia"," 20,678 ","",NA,NA,NA,NA,"Republic of Zambia","Low income","Sub-Saharan Africa","IDA","HIPC","Zambian kwacha","2000","DHS, 2007","","1994",NA,NA,"VAB","1990-92",2005,"BPM5","Preliminary","General","Budgetary","GDDS","IHS, 2004-05","","1990",NA,2008,2000,"ZM","ZM","Zambia","Zambia"
"88","EST",103,NA,"Estonia"," 22,390 ","",NA,NA,NA,NA,"Republic of Estonia","High income: nonOECD","Europe & Central Asia","","","Estonian kroon","2000","","","2000",NA,1993,"VAB","1987-95",2005,"BPM5","","General","Consolidated","SDDS","ES/BS, 2004","Yes","2001",2005,2008,2000,"EE","EE","Estonia","Estonia"
"89","CYP",102,NA,"Cyprus"," 22,767 ","d",NA,NA,NA,NA,"Republic of Cyprus","High income: nonOECD","Europe & Central Asia","","Euro area","Euro","2001","","A simple multiplier is used to convert the national currencies of EMU members to euros. The following irrevocable euro conversion rate entered into force on January 1, 2008: 1 euro = 0.585274 Cyprus pounds. Please note that historical data are not actual euros and are not comparable or suitable for aggregation across countries.","",2000,NA,"VAB","",2005,"BPM5","","General","Consolidated","SDDS","","Yes","",2005,2008,2000,"CY","CY","Cyprus","Cyprus"
"90","TTO",101,NA,"Trinidad and Tobago"," 23,320 ","",NA,NA,NA,NA,"Republic of Trinidad and Tobago","High income: nonOECD","Latin America & Caribbean","IBRD","","Trinidad and Tobago dollar","2000","MICS, 2006","","2000",NA,1993,"VAB","",NA,"BPM5","","Special","Consolidated","GDDS","IHS, 1992","Yes","2004",2005,2008,2000,"TT","TT","Trinidad and Tobago","Trinidad and Tobago"
"91","SLV",100,NA,"El Salvador"," 23,864 ","",NA,NA,NA,NA,"Republic of El Salvador","Lower middle income","Latin America & Caribbean","IBRD","","U.S. dollar","2007","RHS, 2008","","1990",NA,NA,"VAB","",NA,"BPM5","Actual","Special","Consolidated","SDDS","IHS, 2007","Yes","1970-71",NA,2008,2000,"SV","SV","El Salvador","El Salvador"
"92","CIV",99,NA,"Côte d'Ivoire"," 24,680 ","",NA,NA,NA,NA,"Republic of Côte d'Ivoire","Lower middle income","Sub-Saharan Africa","IDA","HIPC","CFA franc","1998","MICS, 2006","","1996",NA,NA,"VAP","",2005,"BPM5","Actual","Special","Consolidated","GDDS","IHS, 2002","","2001",NA,2008,NA,"CI","CI","Côte d'Ivoire","Côte d'Ivoire"
"93","CMR",98,NA,"Cameroon"," 25,322 ","",NA,NA,NA,NA,"Republic of Cameroon","Lower middle income","Sub-Saharan Africa","IDA","HIPC","CFA franc","1987","MICS, 2006","","2000",NA,1993,"VAB","",2005,"BPM5","Actual","Special","Consolidated","GDDS","PS, 2001","","1984",NA,2006,2000,"CM","CM","Cameroon","Cameroon"
"94","PRY",97,NA,"Paraguay"," 25,502 ","",NA,NA,NA,NA,"Republic of Paraguay","Lower middle income","Latin America & Caribbean","IBRD","","Paraguayan guarani","2002","RHS, 2004","","1994",NA,NA,"VAP","",2005,"BPM5","Actual","Special","Consolidated","GDDS","IHS, 2007","","1991",NA,2008,2000,"PY","PY","Paraguay","Paraguay"
"95","BOL",96,NA,"Bolivia"," 27,035 ","",NA,NA,NA,NA,"Plurinational State of Bolivia","Lower middle income","Latin America & Caribbean","Blend","HIPC","Bolivian Boliviano","2001","DHS, 2008","","1990",NA,1993,"VAB","1960-85",2005,"BPM5","Actual","Special","Consolidated","GDDS","IHS, 2007","","1984-1988",2000,2008,2000,"BO","BO","Bolivia","Bolivia"
"96","TZA",95,NA,"Tanzania"," 28,242 ","c",NA,NA,NA,NA,"United Republic of Tanzania","Low income","Sub-Saharan Africa","IDA","HIPC","Tanzanian shilling","2002","DHS, 2004/05, AIS, 2007/08","","1992",NA,NA,"VAB","",2005,"BPM5","Actual","Special","","GDDS","ES/BS, 2000/01","","2002-2003",NA,2007,2002,"TZ","TZ","Tanzania","Tanzania"
"97","LVA",94,NA,"Latvia"," 28,373 ","",NA,NA,NA,NA,"Republic of Latvia","High income: nonOECD","Europe & Central Asia","","","Latvian lats","2000","","","2000",NA,1993,"VAB","1987-95",2005,"BPM5","Actual","Special","Consolidated","SDDS","IHS, 2007","Yes","2001",2005,2008,2000,"LV","LV","Latvia","Latvia"
"98","BHR",93,NA,"Bahrain"," 29,044 ","",NA,NA,NA,NA,"Kingdom of Bahrain","High income: nonOECD","Middle East & North Africa","","","Bahraini dinar","2001","","","1985",NA,NA,"VAP","",2005,"BPM5","","General","Consolidated","GDDS","","Yes","",NA,2007,2003,"BH","BH","Bahrain","Bahrain"
"99","JOR",92,NA,"Jordan"," 31,015 ","",NA,NA,NA,NA,"Hashemite Kingdom of Jordan","Lower middle income","Middle East & North Africa","IBRD","","Jordanian dinar","2004","DHS, 2007","","1994",NA,NA,"VAB","",2005,"BPM5","Actual","General","Budgetary","SDDS","ES/BS, 2006","","1997",2005,2008,2005,"JO","JO","Jordan","Jordan"
"100","TKM",91,NA,"Turkmenistan"," 35,164 ","",NA,NA,NA,NA,"Turkmenistan","Lower middle income","Europe & Central Asia","IBRD","","New Turkmen manat","1995","MICS,2006","On January 1, 2009, the Turkmen manat was redenominated (1 new manat = 5,000 old manats).","",2007,1993,"VAB","1987-95, 1997-07",NA,"BPM5","Estimate","General","","","LSMS, 1998","Yes","",NA,2000,2000,"TM","TM","Turkmenistan","Turkmenistan"
"101","YEM",90,NA,"Yemen, Rep."," 35,646 ","",NA,NA,NA,NA,"Republic of Yemen","Lower middle income","Middle East & North Africa","IDA","","Yemeni rial","2004","MICS, 2006","","1990",NA,NA,"VAP","1990-96",2005,"BPM5","Actual","General","Budgetary","GDDS","ES/BS, 2005","","2002",2005,2008,2000,"YE","RY","Yemen, Rep.","Yemen"
"102","PAN",89,NA,"Panama"," 36,253 ","",NA,NA,NA,NA,"Republic of Panama","Upper middle income","Latin America & Caribbean","IBRD","","Panamanian balboa","2000","LSMS, 2003","","1996",NA,1993,"VAB","",NA,"BPM5","Actual","Special","Consolidated","GDDS","LFS, 2006","","2001",2000,2008,2000,"PA","PA","Panama","Panama"
"103","SRB",88,NA,"Serbia"," 37,489 ","",NA,NA,NA,NA,"Republic of Serbia","Upper middle income","Europe & Central Asia","IBRD","","Serbian dinar","2002","MICS, 2005-06","Montenegro declared independence from Serbia and Montenegro on June 3, 2006. Where available, data for each country are shown separately. However, for Serbia, some indicators, such as those series for which data appear only for Serbia and not Montenegro--e.g., aid, environment, external debt, balance of payments, various social indicators excluding population--continue to include data for Montenegro through 2005. Moreover, data from 1999 onward for Serbia for most indicators exclude data for Kosovo, 1999 being the year when Kosovo became a territory under international administration pursuant to UN Security Council Resolution 1244 (1999); any exceptions are noted. Kosovo became a World Bank member on June 29, 2009; available data are shown separately for Kosovo. The Statistical Bureau of Serbia has revised current and constant GDP for 1997-2006.","",2002,1993,"VAB","",2005,"","Actual","Special","Consolidated","GDDS","","Yes","",NA,2008,NA,"RS","YF","Serbia","Serbia"
"104","KEN",87,NA,"Kenya"," 40,697 ","",NA,NA,NA,NA,"Republic of Kenya","Low income","Sub-Saharan Africa","IDA","","Kenyan shilling","1999","DHS, 2003, SPA, 2004","Fiscal year end: June 30; reporting period for national accounts data: CY.","2001",NA,1993,"VAB","",2005,"BPM5","Actual","General","Budgetary","GDDS","IHS, 2005-06","","1977-1979",2005,2008,2003,"KE","KE","Kenya","Kenya"
"105","GHA",86,NA,"Ghana"," 40,711 ","",NA,NA,NA,NA,"Republic of Ghana","Low income","Sub-Saharan Africa","IDA","HIPC","New Ghanaian cedi","2000","DHS, 2008","","1975",NA,NA,"VAP","1973-87",2005,"BPM5","Actual","General","Budgetary","GDDS","LSMS, 2006","","1984",2002,2008,2000,"GH","GH","Ghana","Ghana"
"106","ETH",85,NA,"Ethiopia"," 41,605 ","",NA,NA,NA,NA,"Federal Democratic Republic of Ethiopia","Low income","Sub-Saharan Africa","IDA","HIPC","Ethiopian birr","2007","DHS, 2005","Fiscal year end: July 7; reporting period for national accounts data: FY.","1999/2000",NA,1993,"VAB","",2005,"BPM5","Actual","General","Consolidated","GDDS","ES/BS, 2005","","2001-2002",2005,2008,2002,"ET","ET","Ethiopia","Ethiopia"
"107","LTU",84,NA,"Lithuania"," 42,344 ","",NA,NA,NA,NA,"Republic of Lithuania","Upper middle income","Europe & Central Asia","","","Lithuanian litas","2001","","","2000",NA,1993,"VAB","1990-95",2005,"BPM5","Actual","General","Consolidated","SDDS","ES/BS, 2004","Yes","2003",2005,2008,2000,"LT","LT","Lithuania","Lithuania"
"108","LBN",83,NA,"Lebanon"," 42,945 ","",NA,NA,NA,NA,"Lebanese Republic","Upper middle income","Middle East & North Africa","IBRD","","Lebanese pound","1970","MICS, 2000","The government has revised national accounts data for 1997-2007. The new base year is 1997.","1997",NA,NA,"VAB","",2005,"BPM5","Actual","General","Budgetary","GDDS","","","1998-1999",1997,2008,2005,"LB","LB","Lebanon","Lebanon"
"109","MAC",82,NA,"Macao SAR, China"," 43,582 ","",NA,NA,NA,NA,"Macao Special Administrative Region of the People's Republic of China","High income: nonOECD","East Asia & Pacific","","","Macao pataca","2006","","On 20 December 1999 China resumed its exercise of sovereignty over Macao. Unless otherwise noted, data for China do not include data for Hong Kong SAR, China; Macao SAR, China; or Taiwan, China.","2002",NA,NA,"VAB","",2005,"BPM5","","General","Consolidated","GDDS","","Yes","",NA,2008,NA,"MO","MO","Macao SAR, China","Macao SAR, China"
"110","CRI",81,NA,"Costa Rica"," 45,104 ","",NA,NA,NA,NA,"Republic of Costa Rica","Upper middle income","Latin America & Caribbean","IBRD","","Costa Rican colon","2000","RHS, 1993","","1991",NA,1993,"VAB","",NA,"BPM5","Actual","Special","Consolidated","SDDS","LFS, 2007","Yes","1973",NA,2008,2000,"CR","CR","Costa Rica","Costa Rica"
"111","SVN",80,NA,"Slovenia"," 45,279 ","",NA,NA,NA,NA,"Republic of Slovenia","High income: OECD","Europe & Central Asia","","Euro area","Euro","2002","","A simple multiplier is used to convert the national currencies of EMU members to euros. The following irrevocable euro conversion rate entered into force on January 1, 2007: 1 euro = 239.64 Slovenian tolar. Please note that historical data are not actual euros and are not comparable or suitable for aggregation across countries.","",2000,1993,"VAB","",2005,"BPM5","","Special","Consolidated","SDDS","ES/BS, 2004","Yes","2000",2005,2008,NA,"SI","SI","Slovenia","Slovenia"
"112","TUN",79,NA,"Tunisia"," 45,662 ","",NA,NA,NA,NA,"Republic of Tunisia","Lower middle income","Middle East & North Africa","IBRD","","Tunisian dinar","2004","MICS, 2006","","1990",NA,NA,"VAP","",2005,"BPM5","Actual","General","Consolidated","SDDS","IHS, 2000","","2004",NA,2008,2000,"TN","TN","Tunisia","Tunisia"
"113","URY",78,NA,"Uruguay"," 49,920 ","",NA,NA,NA,NA,"Oriental Republic of Uruguay","Upper middle income","Latin America & Caribbean","IBRD","","Uruguayan peso","2004","","The government has revised national accounts data for 1997-2008. The new base year is 2005.","2005",NA,NA,"VAB","",2005,"BPM5","Actual","Special","Consolidated","SDDS","IHS, 2007","Yes","2000",2004,2008,2000,"UY","UY","Uruguay","Uruguay"
"114","GTM",77,NA,"Guatemala"," 50,234 ","",NA,NA,NA,NA,"Republic of Guatemala","Lower middle income","Latin America & Caribbean","IBRD","","Guatemalan quetzal","2002","RHS, 2002","The government has revised national accounts data to conform to the 1993 SNA methodology. The new base year is 2001.","2001",NA,1993,"VAB","",NA,"BPM5","Actual","Special","Budgetary","GDDS","LSMS, 2006","Yes","2003",NA,2008,2000,"GT","GT","Guatemala","Guatemala"
"115","BGR",76,NA,"Bulgaria"," 50,972 ","",NA,NA,NA,NA,"Republic of Bulgaria","Upper middle income","Europe & Central Asia","IBRD","","Bulgarian lev","2001","","","",2002,1993,"VAB","1978-89, 1991-92",2005,"BPM5","Actual","General","Consolidated","SDDS","ES/BS, 2003","Yes","",2005,2008,2000,"BG","BG","Bulgaria","Bulgaria"
"116","UZB",75,NA,"Uzbekistan"," 51,113 ","",NA,NA,NA,NA,"Republic of Uzbekistan","Lower middle income","Europe & Central Asia","Blend","","Uzbek sum","1989","MICS, 2006","","",1997,1993,"VAB","1990-95",NA,"BPM5","Actual","General","","","ES/BS, 2003","Yes","",NA,NA,2000,"UZ","UZ","Uzbekistan","Uzbekistan"
"117","LUX",74,NA,"Luxembourg"," 55,178 ","",NA,NA,NA,NA,"Grand Duchy of Luxembourg","High income: OECD","Europe & Central Asia","","Euro area","Euro","2001","","A simple multiplier is used to convert the national currencies of EMU members to euros. The following irrevocable euro conversion rate was adopted by the EU Council on January 1, 1999: 1 euro = 40.3399 Luxembourg franc. Please note that historical data before 1999 are not actual euros and are not comparable or suitable for aggregation across countries.","",2000,NA,"VAB","",2005,"BPM5","","Special","Consolidated","SDDS","","Yes","1999-2000 (conducted annually)",2004,2008,NA,"LU","LU","Luxembourg","Luxembourg"
"118","SDN",73,NA,"Sudan"," 58,769 ","b",NA,NA,NA,NA,"Republic of the Sudan","Lower middle income","Sub-Saharan Africa","IDA","HIPC","Sudanese pound","2008","MICS-PAPFAM 2006","","1981/82 (Reporting period switch from fiscal year to calendar year from 1996. Pre-1996 data converted to calendar year.)",1996,NA,"VAB","",2005,"BPM5","Actual","General","Budgetary","GDDS","","","",2000,2008,2000,"SD","SD","Sudan","Sudan"
"119","DOM",72,NA,"Dominican Republic"," 59,047 ","",NA,NA,NA,NA,"Dominican Republic","Upper middle income","Latin America & Caribbean","IBRD","","Dominican peso","2002","DHS, 2007","","1991",NA,NA,"VAB","",NA,"BPM5","Actual","General","Consolidated","GDDS","IHS, 2005","","1971",NA,2008,2000,"DO","DO","Dominican Republic","Dominican Republic"
"120","HRV",71,NA,"Croatia"," 59,228 ","",NA,NA,NA,NA,"Republic of Croatia","High income: nonOECD","Europe & Central Asia","IBRD","","Croatian kuna","2001","","The Statistical Bureau has revised main GDP aggregates for 1995-2005.","",1997,1993,"VAB","",2005,"BPM5","","General","Consolidated","SDDS","ES/BS, 2005","Yes","2003",NA,2008,NA,"HR","HR","Croatia","Croatia"
"121","LKA",70,NA,"Sri Lanka"," 59,423 ","",NA,NA,NA,NA,"Democratic Socialist Republic of Sri Lanka","Lower middle income","South Asia","IDA","","Sri Lankan rupee","2001","DHS, 1987","","2002",NA,NA,"VAP","",2005,"BPM5","Actual","General","Budgetary","GDDS","ES/BS, 2002","Yes","2002",2005,2008,2000,"LK","LK","Sri Lanka","Sri Lanka"
"122","BLR",69,NA,"Belarus"," 63,267 ","",NA,NA,NA,NA,"Republic of Belarus","Upper middle income","Europe & Central Asia","IBRD","","Belarusian rubel","1999","MICS, 2005","","",2000,1993,"VAB","1990-95",2005,"BPM5","Actual","General","Consolidated","SDDS","ES/BS 2007","Yes","1994",NA,2008,2000,"BY","BY","Belarus","Belarus"
"123","AZE",68,NA,"Azerbaijan"," 66,605 ","",NA,NA,NA,NA,"Republic of Azerbaijan","Upper middle income","Europe & Central Asia","Blend","","New Azeri manat","2009","DHS, 2006","","",2003,1993,"VAB","1992-95",2005,"BPM5","Actual","General","Consolidated","GDDS","ES/BS, 2005","Yes","",2005,2008,2005,"AZ","AZ","Azerbaijan","Azerbaijan"
"124","CUB",67,NA,"Cuba"," 68,234 ","",NA,NA,NA,NA,"Republic of Cuba","Upper middle income","Latin America & Caribbean","","","Cuban peso","2002","MICS, 2006","","1984",NA,NA,"VAP","",NA,"","","General","","","","Yes","",NA,2006,2000,"CU","CU","Cuba","Cuba"
"125","OMN",66,NA,"Oman"," 69,972 ","",NA,NA,NA,NA,"Sultanate of Oman","High income: nonOECD","Middle East & North Africa","","","Rial Omani","2003","FHS, 1995","","1988",NA,NA,"VAP","",2005,"BPM5","","General","Budgetary","GDDS","","","1978-1979",2005,2008,2003,"OM","OM","Oman","Oman"
"126","SYR",65,NA,"Syrian Arab Republic"," 73,672 ","",NA,NA,NA,NA,"Syrian Arab Republic","Lower middle income","Middle East & North Africa","IBRD","","Syrian pound","2004","MICS, 2006","","2000",NA,NA,"VAB","1970-08",2005,"BPM5","","Special","Consolidated","GDDS","","","1981",NA,2007,2003,"SY","SY","Syrian Arab Republic","Syrian Arab Republic"
"127","ECU",64,NA,"Ecuador"," 84,040 ","",NA,NA,NA,NA,"Republic of Ecuador","Lower middle income","Latin America & Caribbean","IBRD","","U.S. dollar","2001","RHS, 2004","","2000",NA,1993,"VAB","",2005,"BPM5","Actual","Special","Budgetary","SDDS","LFS, 2005","","1999-2000",2004,2008,2000,"EC","EC","Ecuador","Ecuador"
"128","SVK",63,NA,"Slovak Republic"," 91,149 ","",NA,NA,NA,NA,"Slovak Republic","High income: OECD","Europe & Central Asia","","Euro area","Euro","2001","","A simple multiplier is used to convert the national currencies of EMU members to euros. The following irrevocable euro conversion rate entered into force on January 1, 2009: 1 euro = 30.126 Slovak koruna. Please note that historical data are not actual euros and are not comparable or suitable for aggregation across countries.","2000",1995,1993,"VAB","",2005,"BPM5","","General","Consolidated","SDDS","IS, 1996","Yes","2001",2004,2008,NA,"SK","SK","Slovak Republic","Slovak Republic"
"129","MAR",62,NA,"Morocco"," 95,982 ","a",NA,NA,NA,NA,"Kingdom of Morocco","Lower middle income","Middle East & North Africa","IBRD","","Moroccan dirham","2004","MICS, 2006","","1998",NA,NA,"VAB","",2005,"BPM5","Actual","Special","Consolidated","SDDS","ES/BS, 2007","","1996",2005,2008,2000,"MA","MA","Morocco","Morocco"
"130","PRI",61,NA,"Puerto Rico"," 101,496 ","",NA,NA,NA,NA,"Puerto Rico","High income: nonOECD","Latin America & Caribbean","","","U.S. dollar","2000","RHS, 1995/96","Fiscal year end: June 30; reporting period for national accounts data: FY.","1954",NA,NA,"VAP","",NA,"","","General","","","","Yes","1997/2002",NA,NA,NA,"PR","PR","Puerto Rico","Puerto Rico"
"131","AGO",60,NA,"Angola"," 114,147 ","",NA,NA,NA,NA,"People's Republic of Angola","Lower middle income","Sub-Saharan Africa","IDA","","Angolan kwanza","1970","MICS, 2001, MIS, 2006/07","","1997",NA,NA,"VAP","1991-96",2005,"BPM5","Actual","Special","","GDDS","IHS, 2000","","1964-65",NA,1991,2000,"AO","AO","Angola","Angola"
"132","BGD",59,NA,"Bangladesh"," 116,355 ","",NA,NA,NA,NA,"People's Republic of Bangladesh","Low income","South Asia","IDA","","Bangladeshi taka","2001","DHS, 2007","Fiscal year end: June 30; reporting period for national accounts data: FY.","1995/1996",NA,1993,"VAB","",2005,"BPM5","Preliminary","General","Consolidated","GDDS","IHS, 2005","","2005",1997,2007,2000,"BD","BD","Bangladesh","Bangladesh"
"133","HUN",58,NA,"Hungary"," 124,600 ","",NA,NA,NA,NA,"Republic of Hungary","High income: OECD","Europe & Central Asia","","","Hungarian forint","2001","","","",2000,1993,"VAB","",2005,"BPM5","","Special","Consolidated","SDDS","ES/BS, 2004","Yes","2000",2004,2008,2000,"HU","HU","Hungary","Hungary"
"134","VNM",57,NA,"Vietnam"," 155,820 ","",NA,NA,NA,NA,"Socialist Republic of Vietnam","Lower middle income","East Asia & Pacific","Blend","","Vietnamese dong","2009","MICS, 2006","","1994",NA,1993,"VAP","1991",2005,"BPM4","Estimate","General","Consolidated","GDDS","IHS, 2006","","2001",1999,2008,2000,"VN","VN","Vietnam","Vietnam"
"135","KWT",56,NA,"Kuwait"," 160,913 ","",NA,NA,NA,NA,"State of Kuwait","High income: nonOECD","Middle East & North Africa","","","Kuwaiti dinar","2005","FHS, 1996","Fiscal year end: June 30; reporting period for national accounts data: CY.","1995",NA,NA,"VAP","",2005,"BPM5","","Special","Consolidated","GDDS","","Yes","1970",NA,2007,2002,"KW","KW","Kuwait","Kuwait"
"136","NZL",55,NA,"New Zealand"," 167,347 ","",NA,NA,NA,NA,"New Zealand","High income: OECD","East Asia & Pacific","","","New Zealand dollar","2006","","Fiscal year end: March 31; reporting period for national accounts data: FY.","2000/2001",NA,NA,"VAB","",2005,"BPM5","","General","Consolidated","","IS, 1997","Yes","2002",2003,2008,2000,"NZ","NZ","New Zealand","New Zealand"
"137","QAT",54,NA,"Qatar"," 171,476 ","",NA,NA,NA,NA,"State of Qatar","High income: nonOECD","Middle East & North Africa","","","Qatari riyal","2004","","","2001",NA,NA,"VAP","",2005,"","","General","Budgetary","GDDS","","Yes","2000-2001",2005,2008,2005,"QA","QA","Qatar","Qatar"
"138","UKR",53,NA,"Ukraine"," 176,309 ","",NA,NA,NA,NA,"Ukraine","Lower middle income","Europe & Central Asia","IBRD","","Ukrainian hryvnia","2001","DHS, 2007","","",2003,1993,"VAB","1987-95",2005,"BPM5","Actual","General","Consolidated","SDDS","ES/BS, 2008","Yes","",NA,2008,2000,"UA","UA","Ukraine","Ukraine"
"139","ROM",52,NA,"Romania"," 192,711 ","",NA,NA,NA,NA,"Romania","Upper middle income","Europe & Central Asia","IBRD","","New Romanian leu","2002","RHS, 1999","","",2005,1993,"VAB","1987-89, 1992",2005,"BPM5","Actual","Special","Consolidated","SDDS","LFS, 2007","Yes","2002",2005,2008,2000,"RO","RO","Romania","Romania"
"140","CZE",51,NA,"Czech Republic"," 196,446 ","",NA,NA,NA,NA,"Czech Republic","High income: OECD","Europe & Central Asia","","","Czech koruna","2001","RHS, 1993","","2000",1995,1993,"VAB","",2005,"BPM5","","General","Consolidated","SDDS","IS 1996","Yes","2000",2005,2008,2000,"CZ","CZ","Czech Republic","Czech Republic"
"141","KAZ",50,NA,"Kazakhstan"," 203,521 ","",NA,NA,NA,NA,"Republic of Kazakhstan","Upper middle income","Europe & Central Asia","IBRD","","Kazakh tenge","1999","MICS, 2006","","",1995,1993,"VAB","1987-95",2005,"BPM5","Actual","General","Consolidated","SDDS","ES/BS, 2007","Yes","",NA,2008,2000,"KZ","KZ","Kazakhstan","Kazakhstan"
"142","PER",49,NA,"Peru"," 203,790 ","",NA,NA,NA,NA,"Republic of Peru","Upper middle income","Latin America & Caribbean","IBRD","","Peruvian new sol","2007","DHS, 2007/08","","1994",NA,NA,"VAB","1985-90",2005,"BPM5","Actual","Special","Consolidated","SDDS","LSMS, 2007","","1994",2006,2008,2000,"PE","PE","Peru","Peru"
"143","DZA",48,NA,"Algeria"," 205,789 ","",NA,NA,NA,NA,"People's Democratic Republic of Algeria","Upper middle income","Middle East & North Africa","IBRD","","Algerian dinar","2008","MICS, 2006","","1980",NA,NA,"VAB","",NA,"BPM5","Actual","Special","Budgetary","GDDS","IHS, 1995","","2001",NA,2007,2000,"DZ","DZ","Algeria","Algeria"
"144","IRQ",47,NA,"Iraq"," 210,280 ","",NA,NA,NA,NA,"Republic of Iraq","Lower middle income","Middle East & North Africa","IBRD","","Iraqi dinar","1997","MICS, 2006","","1997",NA,NA,"VAB","1997, 2004",2005,"BPM5","","Special","","GDDS","","","1981",1996,2008,2000,"IQ","IQ","Iraq","Iraq"
"145","IRL",46,NA,"Ireland"," 210,771 ","",NA,NA,NA,NA,"Ireland","High income: OECD","Europe & Central Asia","","Euro area","Euro","2006","","A simple multiplier is used to convert the national currencies of EMU members to euros. The following irrevocable euro conversion rate was adopted by the EU Council on January 1, 1999: 1 euro = 0.787564 Irish pound. Please note that historical data before 1999 are not actual euros and are not comparable or suitable for aggregation across countries.","2000",NA,1993,"VAB","",2005,"BPM5","","General","Consolidated","SDDS","IHS, 2000","Yes","2000",2004,2008,2000,"IE","IE","Ireland","Ireland"
"146","PRT",45,NA,"Portugal"," 212,274 ","",NA,NA,NA,NA,"Portuguese Republic","High income: OECD","Europe & Central Asia","","Euro area","Euro","2001","","A simple multiplier is used to convert the national currencies of EMU members to euros. The following irrevocable euro conversion rate was adopted by the EU Council on January 1, 1999: 1 euro = 200.482 Portuguese escudo. Please note that historical data before 1999 are not actual euros and are not comparable or suitable for aggregation across countries.","2000",NA,1993,"VAB","",2005,"BPM5","","Special","Consolidated","SDDS","IS, 1997","Yes","1999",2004,2008,2000,"PT","PT","Portugal","Portugal"
"147","PAK",44,NA,"Pakistan"," 225,143 ","",NA,NA,NA,NA,"Islamic Republic of Pakistan","Lower middle income","South Asia","Blend","","Pakistani rupee","1998","DHS, 2006/07","Fiscal year end: June 30; reporting period for national accounts data: FY.","1999/2000",NA,1993,"VAB","",2005,"BPM5","Actual","General","Consolidated","GDDS","LSMS, 2004/05","","2000",NA,2008,2000,"PK","PK","Pakistan","Pakistan"
"148","FIN",43,NA,"Finland"," 247,546 ","",NA,NA,NA,NA,"Republic of Finland","High income: OECD","Europe & Central Asia","","Euro area","Euro","2000","","A simple multiplier is used to convert the national currencies of EMU members to euros. The following irrevocable euro conversion rate was adopted by the EU Council on January 1, 1999: 1 euro = 5.94573 Finnish markka. Please note that historical data before 1999 are not actual euros and are not comparable or suitable for aggregation across countries.","2000",NA,1993,"VAB","",2005,"BPM5","","General","Consolidated","SDDS","IS, 2000","Yes","1999-2000",2004,2008,2000,"FI","FI","Finland","Finland"
"149","GRC",42,NA,"Greece"," 249,099 ","",NA,NA,NA,NA,"Hellenic Republic","High income: OECD","Europe & Central Asia","","Euro area","Euro","2001","","A simple multiplier is used to convert the national currencies of EMU members to euros. The following irrevocable euro conversion rate was adopted by the EU Council on January 1, 1999: 1 euro = 340.75 Greek drachma. Please note that historical data before 1999 are not actual euros and are not comparable or suitable for aggregation across countries.","",2000,NA,"VAB","",2005,"BPM5","","Special","Consolidated","SDDS","IHS, 2000","Yes","1999-2000",2003,2008,2000,"GR","GR","Greece","Greece"
"150","PHL",41,NA,"Philippines"," 250,182 ","",NA,NA,NA,NA,"Republic of the Philippines","Lower middle income","East Asia & Pacific","IBRD","","Philippine peso","2007","DHS, 2008","","1985",NA,NA,"VAP","",2005,"BPM5","Actual","General","Budgetary","SDDS","ES/BS, 2006","Yes","2002",2004,2008,2000,"PH","PH","Philippines","Philippines"
"151","ISR",40,NA,"Israel"," 258,217 ","",NA,NA,NA,NA,"State of Israel","High income: OECD","Middle East & North Africa","","","Israeli new shekel","2008","","","2005",NA,1993,"VAP","",2005,"BPM5","","Special","Consolidated","SDDS","ES/BS, 2001","Yes","1981",2004,2008,2004,"IL","IL","Israel","Israel"
"152","NGA",39,NA,"Nigeria"," 262,597 ","",NA,NA,NA,NA,"Federal Republic of Nigeria","Lower middle income","Sub-Saharan Africa","IDA","","Nigerian naira","2006","DHS, 2008","","2002",NA,NA,"VAB","1971-98",2005,"BPM5","Preliminary","General","","GDDS","IHS, 2003-04","","1960",NA,2008,2000,"NG","NG","Nigeria","Nigeria"
"153","EGY",38,NA,"Egypt, Arab Rep."," 262,832 ","",NA,NA,NA,NA,"Arab Republic of Egypt","Lower middle income","Middle East & North Africa","IBRD","","Egyptian pound","2006","DHS, 2008","Fiscal year end: June 30; reporting period for national accounts data: FY.","1991/1992",NA,NA,"VAB","",2005,"BPM5","Actual","Special","Budgetary","SDDS","ES/BS, 2004-05","Yes","1999-2000",2001,2008,2000,"EG","EG","Egypt, Arab Rep.","Egypt"
"154","HKG",37,NA,"Hong Kong SAR, China"," 263,259 ","",NA,NA,NA,NA,"Hong Kong Special Administrative Region of the People's Republic of China","High income: nonOECD","East Asia & Pacific","","","Hong Kong dollar","2006","","On 1 July 1997 China resumed its exercise of sovereignty over Hong Kong. Unless otherwise noted, data for China do not include data for Hong Kong SAR, China; Macao SAR, China; or Taiwan, China.","2006",NA,1993,"VAB","",2005,"BPM5","","General","Consolidated","SDDS","","Yes","",NA,2008,NA,"HK","HK","Hong Kong SAR, China","Hong Kong SAR, China"
"155","CHL",36,NA,"Chile"," 269,869 ","",NA,NA,NA,NA,"Republic of Chile","Upper middle income","Latin America & Caribbean","IBRD","","Chilean peso","2002","","","2003",NA,1993,"VAB","",2005,"BPM5","Actual","Special","Consolidated","SDDS","IHS, 2006","Yes","1997",2005,2008,2000,"CL","CL","Chile","Chile"
"156","SGP",35,NA,"Singapore"," 274,701 ","",NA,NA,NA,NA,"Republic of Singapore","High income: nonOECD","East Asia & Pacific","","","Singapore dollar","2000","General  household, 2005","Fiscal year end: March 31; reporting period for national accounts data: CY.","2000",NA,1993,"VAB","",2005,"BPM5","","General","Consolidated","SDDS","","Yes","",2005,2008,NA,"SG","SG","Singapore","Singapore"
"157","MYS",34,NA,"Malaysia"," 305,033 ","",NA,NA,NA,NA,"Malaysia","Upper middle income","East Asia & Pacific","IBRD","","Malaysian ringgit","2000","","","2000",NA,NA,"VAP","",2005,"BPM5","Estimate","General","Consolidated","SDDS","ES/BS, 2004","Yes","",2004,2008,2000,"MY","MY","Malaysia","Malaysia"
"158","DNK",33,NA,"Denmark"," 314,887 ","",NA,NA,NA,NA,"Kingdom of Denmark","High income: OECD","Europe & Central Asia","","","Danish krone","2001","","","2000",NA,1993,"VAB","",2005,"BPM5","","General","Consolidated","SDDS","ITR 1997","Yes","1999-2000",2004,2008,2000,"DK","DK","Denmark","Denmark"
"159","ARE",32,NA,"United Arab Emirates"," 348,595 ","",NA,NA,NA,NA,"United Arab Emirates","High income: nonOECD","Middle East & North Africa","","","U.A.E. dirham","2005","","","1995",NA,NA,"VAB","",NA,"BPM4","","General","Consolidated","GDDS","","","1998",NA,2008,2005,"AE","AE","United Arab Emirates","United Arab Emirates"
"160","THA",31,NA,"Thailand"," 365,966 ","",NA,NA,NA,NA,"Kingdom of Thailand","Lower middle income","East Asia & Pacific","IBRD","","Thai baht","2000","MICS 2005/06","Fiscal year end: September 30; reporting period for national accounts data: CY.","1988",NA,NA,"VAP","",2005,"BPM5","Estimate","General","Consolidated","SDDS","IHS, 2004","","2003",1999,2008,2000,"TH","TH","Thailand","Thailand"
"161","COL",30,NA,"Colombia"," 369,606 ","",NA,NA,NA,NA,"Republic of Colombia","Upper middle income","Latin America & Caribbean","IBRD","","Colombian peso","2005","DHS, 2005","","2000",NA,1993,"VAB","1992-94",2005,"BPM5","Actual","Special","Budgetary","SDDS","IHS, 2006","","2001",2004,2008,2000,"CO","CO","Colombia","Colombia"
"162","VEN",29,NA,"Venezuela, RB"," 381,286 ","",NA,NA,NA,NA,"República Bolivariana de Venezuela","Upper middle income","Latin America & Caribbean","IBRD","","Venezuelan bolivar fuerte","2001","MICS, 2000","","1997",NA,NA,"VAB","",2005,"BPM5","Actual","General","Consolidated","GDDS","IHS, 2003","Yes","1997",NA,2008,NA,"VE","VE","Venezuela, RB","Venezuela"
"163","ZAF",28,NA,"South Africa"," 384,313 ","",NA,NA,NA,NA,"Republic of South Africa","Upper middle income","Sub-Saharan Africa","IBRD","","South African rand","2001","DHS, 2003","Fiscal year end: March 31; reporting period for national accounts data: CY.","2000",NA,1993,"VAB","",2005,"BPM5","Preliminary","General","Consolidated","SDDS","ES/BS, 2000","","2000",2005,2008,2000,"ZA","ZA","South Africa","South Africa"
"164","AUT",27,NA,"Austria"," 394,708 ","",NA,NA,NA,NA,"Republic of Austria","High income: OECD","Europe & Central Asia","","Euro area","Euro","2001","","A simple multiplier is used to convert the national currencies of EMU members to euros. The following irrevocable euro conversion rate was adopted by the EU Council on January 1, 1999: 1 euro = 13.7603 Austrian schilling. Please note that historical data before 1999 are not actual euros and are not comparable or suitable for aggregation across countries.","2000",NA,1993,"VAB","",2005,"BPM5","","Special","Consolidated","SDDS","IS 2000","Yes","1999-2000",2004,2008,2000,"AT","AT","Austria","Austria"
"165","ARG",26,NA,"Argentina"," 475,502 ","",NA,NA,NA,NA,"Argentine Republic","Upper middle income","Latin America & Caribbean","IBRD","","Argentine peso","2001","","","1993",NA,1993,"VAB","1971-84",2005,"BPM5","Actual","Special","Consolidated","SDDS","IHS, 2006","Yes","2002",2001,2008,2000,"AR","AR","Argentina","Argentina"
"166","BEL",25,NA,"Belgium"," 483,262 ","",NA,NA,NA,NA,"Kingdom of Belgium","High income: OECD","Europe & Central Asia","","Euro area","Euro","2001","","A simple multiplier is used to convert the national currencies of EMU members to euros. The following irrevocable euro conversion rate was adopted by the EU Council on January 1, 1999: 1 euro = 40.3399 Belgian franc. Please note that historical data before 1999 are not actual euros and are not comparable or suitable for aggregation across countries.","2000",NA,1993,"VAB","",2005,"BPM5","","Special","Consolidated","SDDS","IHS, 2000","Yes","1999-2000 (conducted annually)",2004,2008,NA,"BE","BE","Belgium","Belgium"
"167","POL",24,NA,"Poland"," 489,795 ","",NA,NA,NA,NA,"Republic of Poland","High income: OECD","Europe & Central Asia","IBRD","","Polish zloty","2002","","","",2002,1993,"VAB","",2005,"BPM5","Actual","Special","Consolidated","SDDS","ES/BS, 2005","Yes","1996/2002",2004,2008,2000,"PL","PL","Poland","Poland"
"168","NOR",23,NA,"Norway"," 499,667 ","",NA,NA,NA,NA,"Kingdom of Norway","High income: OECD","Europe & Central Asia","","","Norwegian krone","2001","","","",2000,1993,"VAB","",2005,"BPM5","","General","Consolidated","SDDS","IS, 2000","Yes","1999",2003,2008,2000,"NO","NO","Norway","Norway"
"169","IRN",22,NA,"Iran, Islamic Rep."," 514,060 ","",NA,NA,NA,NA,"Islamic Republic of Iran","Upper middle income","Middle East & North Africa","IBRD","","Iranian rial","2006","DHS, 2000","Fiscal year end: March 20; reporting period for national accounts data: FY.","1997/1998",NA,NA,"VAB","1980-02",2005,"BPM5","Actual","General","Consolidated","","ES/BS, 2005","Yes","2003",2004,2006,2004,"IR","IR","Iran, Islamic Rep.","Iran"
"170","SWE",21,NA,"Sweden"," 523,806 ","",NA,NA,NA,NA,"Kingdom of Sweden","High income: OECD","Europe & Central Asia","","","Swedish krona","Register based","","Fiscal year end: June 30; reporting period for national accounts data: CY.","",2000,NA,"VAB","",2005,"BPM5","","General","Consolidated","SDDS","IS, 2000","Yes","1999-2000",2004,2008,2000,"SE","SE","Sweden","Sweden"
"171","CHE",20,NA,"Switzerland"," 631,173 ","",NA,NA,NA,NA,"Switzerland","High income: OECD","Europe & Central Asia","","","Swiss franc","2000","","","2000",NA,NA,"VAB","",2005,"BPM5","","Special","Consolidated","SDDS","ES/BS, 2000","Yes","2000",NA,2008,2000,"CH","CH","Switzerland","Switzerland"
"172","SAU",19,NA,"Saudi Arabia"," 711,050 ","",NA,NA,NA,NA,"Kingdom of Saudi Arabia","High income: nonOECD","Middle East & North Africa","","","Saudi Arabian riyal","2004","Demographic survey, 2007","","1999",NA,NA,"VAP","",2005,"BPM4","","General","","GDDS","","","1999",2005,2007,2006,"SA","SA","Saudi Arabia","Saudi Arabia"
"173","NLD",18,NA,"Netherlands"," 770,555 ","",NA,NA,NA,NA,"Kingdom of the Netherlands","High income: OECD","Europe & Central Asia","","Euro area","Euro","2001","","A simple multiplier is used to convert the national currencies of EMU members to euros. The following irrevocable euro conversion rate was adopted by the EU Council on January 1, 1999: 1 euro = 2.20371 Netherlands guilder. Please note that historical data before 1999 are not actual euros and are not comparable or suitable for aggregation across countries.","",2000,1993,"VAB","",2005,"BPM5","","Special","Consolidated","SDDS","IHS, 1999","Yes","1999-2000 (conducted annually)",2004,2008,NA,"NL","NL","Netherlands","Netherlands"
"174","TUR",17,NA,"Turkey"," 789,257 ","",NA,NA,NA,NA,"Republic of Turkey","Upper middle income","Europe & Central Asia","IBRD","","New Turkish lira","2000","DHS, 2003","","1998",NA,NA,"VAB","",2005,"BPM5","Actual","Special","Budgetary","SDDS","LFS, 2006","","2001",2000,2008,2003,"TR","TR","Turkey","Turkey"
"175","IDN",16,NA,"Indonesia"," 878,043 ","",NA,NA,NA,NA,"Republic of Indonesia","Lower middle income","East Asia & Pacific","IBRD","","Indonesian rupiah","2000","DHS, 2007","Data for Indonesia include Timor-Leste through 1999 unless otherwise noted. Fiscal year end: March 31; reporting period for national accounts data: CY.","2000",NA,NA,"VAP","",2005,"BPM5","Actual","Special","Consolidated","SDDS","IHS, 2007","","2003",2004,2008,2000,"ID","ID","Indonesia","Indonesia"
"176","KOR",15,NA,"Korea, Rep."," 1,129,598 ","",NA,NA,NA,NA,"Republic of Korea","High income: OECD","East Asia & Pacific","IBRD","","Korean won","2005","","","2000",NA,1993,"VAB","",2005,"BPM5","","Special","Consolidated","SDDS","ES/BS, 1998","Yes","2000",2005,2008,2000,"KR","KR","Korea, Rep.","Korea"
"177","MEX",14,NA,"Mexico"," 1,178,126 ","",NA,NA,NA,NA,"United Mexican States","Upper middle income","Latin America & Caribbean","IBRD","","Mexican peso","2005","ENPF, 1995","","2003",NA,1993,"VAB","",2005,"BPM5","Actual","General","Consolidated","SDDS","LFS, 2008","","1991",1999,2008,2000,"MX","MX","Mexico","Mexico"
"178","ESP",13,NA,"Spain"," 1,322,965 ","",NA,NA,NA,NA,"Kingdom of Spain","High income: OECD","Europe & Central Asia","","Euro area","Euro","2001","","A simple multiplier is used to convert the national currencies of EMU members to euros. The following irrevocable euro conversion rate was adopted by the EU Council on January 1, 1999: 1 euro = 166.386 Spanish peseta. Please note that historical data before 1999 are not actual euros and are not comparable or suitable for aggregation across countries.","2000",NA,1993,"VAB","",2005,"BPM5","","Special","Consolidated","SDDS","IHS, 2000","Yes","1999",2004,2008,2000,"ES","ES","Spain","Spain"
"179","AUS",12,NA,"Australia"," 1,532,408 ","",NA,NA,NA,NA,"Commonwealth of Australia","High income: OECD","East Asia & Pacific","","","Australian dollar","2006","","Fiscal year end: June 30; reporting period for national accounts data: FY.","",2007,1993,"VAB","",2005,"BPM5","","General","Consolidated","SDDS","ES/BS, 1994","Yes","2001",2004,2008,2000,"AU","AU","Australia","Australia"
"180","CAN",11,NA,"Canada"," 1,821,424 ","",NA,NA,NA,NA,"Canada","High income: OECD","North America","","","Canadian dollar","2006","","Fiscal year end: March 31; reporting period for national accounts data: CY.","2000",NA,1993,"VAB","",2005,"BPM5","","General","Consolidated","SDDS","LFS, 2000","Yes","1996/2001",2001,2008,2000,"CA","CA","Canada","Canada"
"181","IND",10,NA,"India"," 1,841,710 ","",NA,NA,NA,NA,"Republic of India","Lower middle income","South Asia","Blend","","Indian rupee","2001","DHS, 2005/06","Fiscal year end: March 31; reporting period for national accounts data: FY.","1999/2000",NA,1993,"VAB","",2005,"BPM5","Actual","General","Consolidated","SDDS","IHS, 2004/05","","1995-1996/2000-2001",2003,2008,2000,"IN","IN","India","India"
"182","ITA",9,NA,"Italy"," 2,014,670 ","",NA,NA,NA,NA,"Italian Republic","High income: OECD","Europe & Central Asia","","Euro area","Euro","2001","","A simple multiplier is used to convert the national currencies of EMU members to euros. The following irrevocable euro conversion rate was adopted by the EU Council on January 1, 1999: 1 euro = 1936.27 Italian lira. Please note that historical data before 1999 are not actual euros and are not comparable or suitable for aggregation across countries.","2000",NA,1993,"VAB","",2005,"BPM5","","Special","Consolidated","SDDS","ES/BS, 2000","Yes","2000",2004,2008,2000,"IT","IT","Italy","Italy"
"183","RUS",8,NA,"Russian Federation"," 2,014,775 ","",NA,NA,NA,NA,"Russian Federation","Upper middle income","Europe & Central Asia","IBRD","","Russian ruble","2002","RHS, 1996","","2000",NA,1993,"VAB","1987-95",2005,"BPM5","Preliminary","General","Consolidated","SDDS","IHS, 2007","Yes","1994-95",2005,2008,2000,"RU","RU","Russian Federation","Russia"
"184","BRA",7,NA,"Brazil"," 2,252,664 ","",NA,NA,NA,NA,"Federative Republic of Brazil","Upper middle income","Latin America & Caribbean","IBRD","","Brazilian real","2000","DHS, 1996","","2000",NA,1993,"VAB","",2005,"BPM5","Actual","Special","Consolidated","SDDS","LFS, 2007","","1996",2004,2008,2000,"BR","BR","Brazil","Brazil"
"185","GBR",6,NA,"United Kingdom"," 2,471,784 ","",NA,NA,NA,NA,"United Kingdom of Great Britain and Northern Ireland","High income: OECD","Europe & Central Asia","","","Pound sterling","2001","","","2000",NA,1993,"VAB","",2005,"BPM5","","General","Consolidated","SDDS","IS, 1999","Yes","1999-2000 (conducted annually)",2004,2008,2000,"GB","GB","United Kingdom","United Kingdom"
"186","FRA",5,NA,"France"," 2,612,878 ","",NA,NA,NA,NA,"French Republic","High income: OECD","Europe & Central Asia","","Euro area","Euro","2006 (rolling)","","A simple multiplier is used to convert the national currencies of EMU members to euros. The following irrevocable euro conversion rate was adopted by the EU Council on January 1, 1999: 1 euro = 6.55957 French franc. Please note that historical data before 1999 are not actual euros and are not comparable or suitable for aggregation across countries.","",2000,1993,"VAB","",2005,"BPM5","","Special","Consolidated","SDDS","ES/BS, 1994/95","Yes","1999-2000",2004,2008,2000,"FR","FR","France","France"
"187","DEU",4,NA,"Germany"," 3,428,131 ","",NA,NA,NA,NA,"Federal Republic of Germany","High income: OECD","Europe & Central Asia","","Euro area","Euro","2001","","A simple multiplier is used to convert the national currencies of EMU members to euros. The following irrevocable euro conversion rate was adopted by the EU Council on January 1, 1999: 1 euro = 1.95583 German mark. Please note that historical data before 1999 are not actual euros and are not comparable or suitable for aggregation across countries.","2000",NA,1993,"VAB","",2005,"BPM5","","Special","Consolidated","SDDS","IHS, 2000","Yes","1999-2000",2004,2008,2000,"DE","DE","Germany","Germany"
"188","JPN",3,NA,"Japan"," 5,959,718 ","",NA,NA,NA,NA,"Japan","High income: OECD","East Asia & Pacific","","","Japanese yen","2005","","Fiscal year end: March 31; reporting period for national accounts data: CY.","2000",NA,NA,"VAB","",2005,"BPM5","","General","Consolidated","SDDS","IS, 1993","Yes","2000",2004,2008,2000,"JP","JP","Japan","Japan"
"189","CHN",2,NA,"China"," 8,227,103 ","",NA,NA,NA,NA,"People's Republic of China","Lower middle income","East Asia & Pacific","IBRD","","Chinese yuan","2000","NSS, 2007","On 1 July 1997 China resumed its exercise of sovereignty over Hong Kong; and on 20 December 1999 China resumed its exercise of sovereignty over Macao. Unless otherwise noted, data for China do not include data for Hong Kong SAR, China; Macao SAR, China; or Taiwan, China.","2000",NA,1993,"VAP","1978-93",2005,"BPM5","Preliminary","Special","Budgetary","GDDS","IHS, 2005","","1997",2005,2008,2000,"CN","CN","China","China"
"190","USA",1,NA,"United States"," 16,244,600 ","",NA,NA,NA,NA,"United States of America","High income: OECD","North America","","","U.S. dollar","2000","CPS (monthly)","Fiscal year end: September 30; reporting period for national accounts data: CY.","",2000,NA,"VAB","",2005,"BPM5","","General","Consolidated","SDDS","LFS 2000","Yes","1997/2002",2004,2008,2000,"US","US","United States","United States"
"191","",NA,NA,"","","",NA,NA,NA,NA,NA,NA,NA,NA,NA,NA,NA,NA,NA,NA,NA,NA,NA,NA,NA,NA,NA,NA,NA,NA,NA,NA,NA,NA,NA,NA,NA,NA,NA,NA
"192","ADO",NA,NA,"Andorra","..","",NA,NA,NA,NA,"Principality of Andorra","High income: nonOECD","Europe & Central Asia","","","Euro","Register based","","","",NA,NA,"","",NA,"","","General","","","","Yes","",NA,2006,NA,"AD","AD","Andorra","Andorra"
"193","ASM",NA,NA,"American Samoa","..","",NA,NA,NA,NA,"American Samoa","Upper middle income","East Asia & Pacific","","","U.S. dollar","2000","","","",NA,NA,"","",NA,"","","","","","","Yes","",NA,NA,NA,"AS","AS","American Samoa","American Samoa"
"194","CHI",NA,NA,"Channel Islands","..","",NA,NA,NA,NA,"Channel Islands","High income: nonOECD","Europe & Central Asia","","","Jersey pound and Guernsey pound ","2001","","","2007 and 2003",2007,1993,"VAB","",NA,"","","","","","","Yes","",NA,NA,NA,"","","Channel Islands","Channel Islands"
"195","CUW",NA,NA,"Curaçao","..","",NA,NA,NA,NA,NA,NA,NA,NA,NA,NA,NA,NA,NA,NA,NA,NA,NA,NA,NA,NA,NA,NA,NA,NA,NA,NA,NA,NA,NA,NA,NA,NA,NA,NA
"196","CYM",NA,NA,"Cayman Islands","..","",NA,NA,NA,NA,"Cayman Islands","High income: nonOECD","Latin America & Caribbean","","","Cayman Islands dollar","1999","","","",NA,NA,"","",NA,"","","","","","","Yes","",NA,NA,NA,"KY","KY","Cayman Islands","Cayman Islands"
"197","DJI",NA,NA,"Djibouti","","",NA,NA,NA,NA,"Republic of Djibouti","Lower middle income","Middle East & North Africa","IDA","","Djibouti franc","2009","MICS, 2006","","1990",NA,NA,"VAB","",2005,"","Actual","","","","PS, 2002","","",NA,1998,2000,"DJ","DJ","Djibouti","Djibouti"
"198","FRO",NA,NA,"Faeroe Islands","..","",NA,NA,NA,NA,"Faeroe Islands","High income: nonOECD","Europe & Central Asia","","","Danish krone","Register based","","","",NA,NA,"VAB","",NA,"BPM5","","General","","","","","",NA,2005,NA,"FO","FO","Faeroe Islands","Faeroe Islands"
"199","GRL",NA,NA,"Greenland","..","",NA,NA,NA,NA,"Greenland","High income: nonOECD","Europe & Central Asia","","","Danish krone","Register based","","","",NA,NA,"","",NA,"","","General","","","","Yes","",NA,2007,NA,"GL","GL","Greenland","Greenland"
"200","GUM",NA,NA,"Guam","..","",NA,NA,NA,NA,"Guam","High income: nonOECD","East Asia & Pacific","","","U.S. dollar","2000","","","",NA,NA,"","",NA,"","","","","","","Yes","",NA,NA,NA,"GU","GU","Guam","Guam"
"201","IMY",NA,NA,"Isle of Man","..","",NA,NA,NA,NA,"Isle of Man","High income: nonOECD","Europe & Central Asia","","","Manx pound","2006","","","2005",2003,NA,"","",NA,"","","","","","","Yes","",NA,NA,NA,"IM","IM","Isle of Man","Isle of Man"
"202","LBY",NA,NA,"Libya","..","",NA,NA,NA,NA,"Socialist People's Libyan Arab Jamahiriya","Upper middle income","Middle East & North Africa","IBRD","","Libyan dinar","1995","MICS, 2000","","1999",NA,NA,"VAB","1986",NA,"BPM5","","General","","GDDS","","","2001",NA,2004,2000,"LY","LY","Libya","Libya"
"203","LIE",NA,NA,"Liechtenstein","..","",NA,NA,NA,NA,"Principality of Liechtenstein","High income: nonOECD","Europe & Central Asia","","","Swiss franc","2000","","","",NA,NA,"VAB","",NA,"","","Special","","","","Yes","",NA,NA,NA,"LI","LI","Liechtenstein","Liechtenstein"
"204","MAF",NA,NA,"St. Martin (French part)","..","",NA,NA,NA,NA,NA,NA,NA,NA,NA,NA,NA,NA,NA,NA,NA,NA,NA,NA,NA,NA,NA,NA,NA,NA,NA,NA,NA,NA,NA,NA,NA,NA,NA,NA
"205","MMR",NA,NA,"Myanmar","..","",NA,NA,NA,NA,"Union of Myanmar","Low income","East Asia & Pacific","IDA","","Myanmar kyat","1983","MICS, 2000","Fiscal year end: March 31; reporting period for national accounts data: FY.","1985/1986",NA,NA,"VAP","",NA,"BPM5","Estimate","General","Consolidated","","","","2003",NA,2001,2000,"MM","MM","Myanmar","Myanmar"
"206","MNP",NA,NA,"Northern Mariana Islands","..","",NA,NA,NA,NA,"Commonwealth of the Northern Mariana Islands","High income: nonOECD","East Asia & Pacific","","","U.S. dollar","2000","","","",NA,NA,"","",NA,"","","","","","","","",NA,NA,NA,"MP","MP","Northern Mariana Islands","Northern Mariana Islands"
"207","NCL",NA,NA,"New Caledonia","..","",NA,NA,NA,NA,"New Caledonia","High income: nonOECD","East Asia & Pacific","","","CFP franc","2009","","","",NA,NA,"","",NA,"","","Special","","","","Yes","",NA,2008,NA,"NC","NC","New Caledonia","New Caledonia"
"208","PRK",NA,NA,"Korea, Dem. Rep.","..","",NA,NA,NA,NA,"Democratic People's Republic of Korea","Low income","East Asia & Pacific","","","Democratic People's Republic of Korean won","2008","MICS, 2000","","",NA,NA,"","",NA,"BPM5","","","","","","","",NA,NA,2000,"KP","KP","Korea, Dem. Rep.","Dem. Rep. Korea"
"209","PYF",NA,NA,"French Polynesia","..","",NA,NA,NA,NA,"French Polynesia","High income: nonOECD","East Asia & Pacific","","","CFP franc","2007","","","",NA,NA,"","",NA,"","","General","","","","Yes","",NA,2008,NA,"PF","PF","French Polynesia","French Polynesia"
"210","SMR",NA,NA,"San Marino","..","",NA,NA,NA,NA,"Republic of San Marino","High income: nonOECD","Europe & Central Asia","","","Euro","Register based","","","1995",2000,1993,"VAB","",NA,"","","Special","Consolidated","GDDS","","Yes","",NA,NA,NA,"SM","SM","San Marino","San Marino"
"211","SOM",NA,NA,"Somalia","..","",NA,NA,NA,NA,"Somali Democratic Republic","Low income","Sub-Saharan Africa","IDA","HIPC","Somali shilling","1987","MICS, 2006","","1985",NA,NA,"VAB","1977-90",NA,"","Estimate","","","","","","",NA,1982,2003,"SO","SO","Somalia","Somalia"
"212","SXM",NA,NA,"Sint Maarten (Dutch part)","..","",NA,NA,NA,NA,NA,NA,NA,NA,NA,NA,NA,NA,NA,NA,NA,NA,NA,NA,NA,NA,NA,NA,NA,NA,NA,NA,NA,NA,NA,NA,NA,NA,NA,NA
"213","TCA",NA,NA,"Turks and Caicos Islands","..","",NA,NA,NA,NA,"Turks and Caicos Islands","High income: nonOECD","Latin America & Caribbean","","","U.S. dollar","","","","",NA,NA,"","",NA,"","","","","","","","",NA,NA,NA,"TC","TC","Turks and Caicos Islands","Turks and Caicos Islands"
"214","VIR",NA,NA,"Virgin Islands (U.S.)","..","",NA,NA,NA,NA,"Virgin Islands of the United States","High income: nonOECD","Latin America & Caribbean","","","U.S. dollar","2000","","","1982",NA,NA,"","",NA,"","","General","","","","Yes","",NA,NA,NA,"VI","VI","Virgin Islands (U.S.)","Virgin Islands"
"215","WBG",NA,NA,"West Bank and Gaza","..","",NA,NA,NA,NA,"West Bank and Gaza","Lower middle income","Middle East & North Africa","","","Israeli new shekel","2007","PAPFAM, 2006","","1997",NA,NA,"VAB","",NA,"","","","Budgetary","GDDS","","","1971",NA,NA,NA,"PS","GZ","West Bank and Gaza","West Bank and Gaza"
"216","EAP",NA,NA,NA,NA,NA,NA,NA,NA,NA,"East Asia & Pacific (developing only)","","","","","","","","East Asia and Pacific regional aggregate (does not include high-income economies).","",NA,NA,"","",NA,"","","","","","","","",NA,NA,NA,"","","East Asia & Pacific","East Asia & Pacific (developing only)"
"217","EAS",NA,NA,NA,NA,NA,NA,NA,NA,NA,"East Asia & Pacific (all income levels)","","","","","","","","East Asia and Pacific regional aggregate (including high-income economies).","",NA,NA,"","",NA,"","","","","","","","",NA,NA,NA,"","","East Asia & Pacific (all income levels)","East Asia & Pacific (all income levels)"
"218","ECA",NA,NA,NA,NA,NA,NA,NA,NA,NA,"Europe & Central Asia (developing only)","","","","","","","","Europe and Central Asia regional aggregate (does not include high-income economies).","",NA,NA,"","",NA,"","","","","","","","",NA,NA,NA,"","","Europe & Central Asia","Europe & Central Asia (developing only)"
"219","ECS",NA,NA,NA,NA,NA,NA,NA,NA,NA,"Europe & Central Asia (all income levels)","","","","","","","","Europe and Central Asia regional aggregate (including high-income economies).","",NA,NA,"","",NA,"","","","","","","","",NA,NA,NA,"","","Europe & Central Asia (all income levels)","Europe & Central Asia (all income levels)"
"220","EMU",NA,NA,NA,NA,NA,NA,NA,NA,NA,"Euro area","","","","","","","","Euro area aggregate.","",NA,NA,"","",NA,"","","","","","","","",NA,NA,NA,"","","Euro area","Euro area"
"221","HIC",NA,NA,NA,NA,NA,NA,NA,NA,NA,"High income","","","","","","","","High income group aggregate. High-income economies are those in which 2009 GNI per capita was $12,196 or more.","",NA,NA,"","",NA,"","","","","","","","",NA,NA,NA,"","","High income","High income"
"222","HPC",NA,NA,NA,NA,NA,NA,NA,NA,NA,"Heavily indebted poor countries (HIPC)","","","","","","","","Heavily indebted poor countries aggregate.","",NA,NA,"","",NA,"","","","","","","","",NA,NA,NA,"","","Heavily indebted poor countries (HIPC)","Heavily indebted poor countries (HIPC)"
"223","LAC",NA,NA,NA,NA,NA,NA,NA,NA,NA,"Latin America & Caribbean (developing only)","","","","","","","","Latin America and Caribbean regional aggregate (does not include high-income economies).","",NA,NA,"","",NA,"","","","","","","","",NA,NA,NA,"","","Latin America & Caribbean","Latin America & Caribbean (developing only)"
"224","LCN",NA,NA,NA,NA,NA,NA,NA,NA,NA,"Latin America & Caribbean (all income levels)","","","","","","","","Latin America and Caribbean regional aggregate (including high-income economies).","",NA,NA,"","",NA,"","","","","","","","",NA,NA,NA,"","","Latin America & Caribbean (all income levels)","Latin America & Caribbean (all income levels)"
"225","LDC",NA,NA,NA,NA,NA,NA,NA,NA,NA,"Least developed countries: UN classification","","","","","","","","Least developed countries (UN classification) aggregate.","",NA,NA,"","",NA,"","","","","","","","",NA,NA,NA,"","","Least developed countries: UN classification","Least developed countries: UN classification"
"226","LIC",NA,NA,NA,NA,NA,NA,NA,NA,NA,"Low income","","","","","","","","Low income group aggregate. Low-income economies are those in which 2009 GNI per capita was $995 or less.","",NA,NA,"","",NA,"","","","","","","","",NA,NA,NA,"","","Low income","Low income"
"227","LMC",NA,NA,NA,NA,NA,NA,NA,NA,NA,"Lower middle income","","","","","","","","Lower middle income group aggregate. Lower-middle-income economies are those in which 2009 GNI per capita was between $996 and $3,945.","",NA,NA,"","",NA,"","","","","","","","",NA,NA,NA,"","","Lower middle income","Lower middle income"
"228","LMY",NA,NA,NA,NA,NA,NA,NA,NA,NA,"Low & middle income","","","","","","","","Low and middle income group aggregate (all developing economies). Low- and middle-income economies are those in which 2009 GNI per capita was $12,195 or less.","",NA,NA,"","",NA,"","","","","","","","",NA,NA,NA,"","","Low & middle income","Low & middle income"
"229","MEA",NA,NA,NA,NA,NA,NA,NA,NA,NA,"Middle East & North Africa (all income levels)","","","","","","","","Middle East and North Africa regional aggregate (including high-income economies).","",NA,NA,"","",NA,"","","","","","","","",NA,NA,NA,"","","Middle East & North Africa (all income levels)","Middle East & North Africa (all income levels)"
"230","MIC",NA,NA,NA,NA,NA,NA,NA,NA,NA,"Middle income","","","","","","","","Middle income group aggregate. Middle-income economies are those in which 2009 GNI per capita was between $996 and $12,195.","",NA,NA,"","",NA,"","","","","","","","",NA,NA,NA,"","","Middle income","Middle income"
"231","MNA",NA,NA,NA,NA,NA,NA,NA,NA,NA,"Middle East & North Africa (developing only)","","","","","","","","Middle East and North Africa regional aggregate (does not include high-income economies).","",NA,NA,"","",NA,"","","","","","","","",NA,NA,NA,"","","Middle East & North Africa","Middle East & North Africa (developing only)"
"232","NAC",NA,NA,NA,NA,NA,NA,NA,NA,NA,"North America","","","","","","","","North America regional aggregate. There are no economies in North America classified as low or middle income.","",NA,NA,"","",NA,"","","","","","","","",NA,NA,NA,"","","North America","North America"
"233","NOC",NA,NA,NA,NA,NA,NA,NA,NA,NA,"High income: nonOECD","","","","","","","","High income nonOECD aggregate. High-income economies are those in which 2009 GNI per capita was $12,196 or more.","",NA,NA,"","",NA,"","","","","","","","",NA,NA,NA,"","","High income: nonOECD","High income: nonOECD"
"234","OEC",NA,NA,NA,NA,NA,NA,NA,NA,NA,"High income: OECD","","","","","","","","High income OECD member aggregate. High-income economies are those in which 2009 GNI per capita was $12,196 or more.","",NA,NA,"","",NA,"","","","","","","","",NA,NA,NA,"","","High income: OECD","High income: OECD"
"235","SAS",NA,NA,NA,NA,NA,NA,NA,NA,NA,"South Asia","","","","","","","","South Asia regional aggregate. There are no economies in South Asia classified as high income.","",NA,NA,"","",NA,"","","","","","","","",NA,NA,NA,"","","South Asia","South Asia"
"236","SSA",NA,NA,NA,NA,NA,NA,NA,NA,NA,"Sub-Saharan Africa (developing only)","","","","","","","","Sub-Saharan Africa regional aggregate (does not include high-income economies).","",NA,NA,"","",NA,"","","","","","","","",NA,NA,NA,"","","Sub-Saharan Africa","Sub-Saharan Africa (developing only)"
"237","SSF",NA,NA,NA,NA,NA,NA,NA,NA,NA,"Sub-Saharan Africa (all income levels)","","","","","","","","Sub-Saharan Africa regional aggregate (including high-income economies).","",NA,NA,"","",NA,"","","","","","","","",NA,NA,NA,"","","Sub-Saharan Africa (all income levels)","Sub-Saharan Africa (all income levels)"
"238","UMC",NA,NA,NA,NA,NA,NA,NA,NA,NA,"Upper middle income","","","","","","","","Upper middle income group aggregate. Upper-middle-income economies are those in which 2009 GNI per capita was between $3,946 and $12,195.","",NA,NA,"","",NA,"","","","","","","","",NA,NA,NA,"","","Upper middle income","Upper middle income"
"239","WLD",NA,NA,NA,NA,NA,NA,NA,NA,NA,"World","","","","","","","","World aggregate.","",NA,NA,"","",NA,"","","","","","","","",NA,NA,NA,"","","World","World"
